INSERT INTO "StatusOperacional" ("cStatusNome") VALUES
('Operacional'),
('Manutenção'),
('Desativado');

INSERT INTO "Aeronave" ("nCdAeronave", "cAeronave", "cFabricante", "nCapacPassag", "nAnoFabricacao", "cStatusOperac", "nDistanciaMaxKm") VALUES
(1, 'Boeing 737-800', 'Boeing', 189, 2015, 'Operacional', 5436),
(2, 'Airbus A320neo', 'Airbus', 194, 2019, 'Operacional', 6500),
(3, 'Embraer E195-E2', 'Embraer', 146, 2021, 'Operacional', 4815),
(4, 'Boeing 787-9', 'Boeing', 296, 2018, 'Manutenção', 14100),
(5, 'Airbus A350-900', 'Airbus', 325, 2020, 'Operacional', 15000),
(6, 'Embraer E190', 'Embraer', 114, 2012, 'Manutenção', 4260),
(7, 'Boeing 777-300ER', 'Boeing', 396, 2014, 'Operacional', 13650),
(8, 'Airbus A330-200', 'Airbus', 268, 2011, 'Desativado', 13450),
(9, 'ATR 72-600', 'ATR', 70, 2017, 'Operacional', 1528),
(10, 'Boeing 737 MAX 8', 'Boeing', 178, 2022, 'Operacional', 6570),
(11, 'Airbus A321neo', 'Airbus', 244, 2023, 'Operacional', 7400),
(12, 'Embraer ERJ-145', 'Embraer', 50, 2010, 'Desativado', 2870),
(13, 'Boeing 747-8', 'Boeing', 467, 2015, 'Manutenção', 14200),
(14, 'Airbus A310', 'Airbus', 280, 2000, 'Desativado', 9600),
(15, 'Embraer E175', 'Embraer', 88, 2016, 'Operacional', 3700),
(16, 'Boeing 767-300ER', 'Boeing', 269, 2013, 'Operacional', 11300),
(17, 'Airbus A220-300', 'Airbus', 149, 2021, 'Operacional', 6350),
(18, 'Bombardier CRJ900', 'Bombardier', 90, 2018, 'Operacional', 2955),
(19, 'Boeing 757-200', 'Boeing', 239, 2005, 'Desativado', 7222),
(20, 'Airbus A340-300', 'Airbus', 277, 2002, 'Desativado', 13400);

INSERT INTO "Aeroporto" ("nCdAeroporto", "cNome", "cEstado", "cPais", "cCdIata", "cCdIcao", "cFusoHorario") VALUES
(1, 'Aeroporto Internacional de São Paulo - Guarulhos', 'SP', 'Brasil', 'GRU', 'SBGR', 'UTC-3'),
(2, 'Aeroporto Internacional do Rio de Janeiro - Galeão', 'RJ', 'Brasil', 'GIG', 'SBGL', 'UTC-3'),
(3, 'Aeroporto Internacional de Brasília', 'DF', 'Brasil', 'BSB', 'SBBR', 'UTC-3'),
(4, 'Aeroporto Internacional de Campinas - Viracopos', 'SP', 'Brasil', 'VCP', 'SBKP', 'UTC-3'),
(5, 'Aeroporto Internacional de Salvador', 'BA', 'Brasil', 'SSA', 'SBSV', 'UTC-3'),
(6, 'Aeroporto Internacional de Fortaleza', 'CE', 'Brasil', 'FOR', 'SBFZ', 'UTC-3'),
(7, 'Aeroporto Internacional de Belo Horizonte - Confins', 'MG', 'Brasil', 'CNF', 'SBCF', 'UTC-3'),
(8, 'Aeroporto Internacional de Curitiba - Afonso Pena', 'PR', 'Brasil', 'CWB', 'SBCB', 'UTC-3'),
(9, 'Aeroporto Internacional de Recife - Gilberto Freyre', 'PE', 'Brasil', 'REC', 'SBRF', 'UTC-3'),
(10, 'Aeroporto Internacional de Porto Alegre', 'RS', 'Brasil', 'POA', 'SBPA', 'UTC-3'),
(11, 'Aeroporto Internacional de Manaus - Eduardo Gomes', 'AM', 'Brasil', 'MAO', 'SBMA', 'UTC-4'),
(12, 'Aeroporto Internacional de Natal - Governador Aluízio Alves', 'RN', 'Brasil', 'NAT', 'SBNM', 'UTC-3'),
(13, 'Aeroporto Internacional de Belém - Val de Cans', 'PA', 'Brasil', 'BEL', 'SBBE', 'UTC-3'),
(14, 'Aeroporto Internacional de Cuiabá - Marechal Rondon', 'MT', 'Brasil', 'CGB', 'SBCY', 'UTC-4'),
(15, 'Aeroporto Internacional de Florianópolis - Hercílio Luz', 'SC', 'Brasil', 'FLN', 'SBFL', 'UTC-3'),
(16, 'Aeroporto Internacional de Vitória', 'ES', 'Brasil', 'VIX', 'SBVT', 'UTC-3'),
(17, 'Aeroporto Internacional de Maceió - Zumbi dos Palmares', 'AL', 'Brasil', 'MCZ', 'SBMO', 'UTC-3'),
(18, 'Aeroporto Internacional de São Luís - Marechal Cunha Machado', 'MA', 'Brasil', 'SLZ', 'SBSL', 'UTC-3'),
(19, 'Aeroporto Internacional de Macapá - Alberto Alcolumbre', 'AP', 'Brasil', 'MCP', 'SBMQ', 'UTC-3'),
(20, 'Aeroporto Internacional de João Pessoa - Presidente Castro Pinto', 'PB', 'Brasil', 'JPA', 'SBJP', 'UTC-3'),
(21, 'Aeroporto de Congonhas', 'SP', 'Brasil', 'CGH', 'SBSP', 'UTC-3'),
(22, 'Aeroporto de Santos Dumont', 'RJ', 'Brasil', 'SDU', 'SBRJ', 'UTC-3'),
(23, 'Aeroporto de Aracaju - Santa Maria', 'SE', 'Brasil', 'AJU', 'SBAR', 'UTC-3'),
(24, 'Aeroporto de Londrina - Governador José Richa', 'PR', 'Brasil', 'LDB', 'SBLD', 'UTC-3'),
(25, 'Aeroporto de Foz do Iguaçu - Cataratas', 'PR', 'Brasil', 'IGU', 'SBFI', 'UTC-3'),
(26, 'Aeroporto de Vitória da Conquista', 'BA', 'Brasil', 'VDC', 'SBVC', 'UTC-3'),
(27, 'Aeroporto de Juazeiro do Norte', 'CE', 'Brasil', 'JDO', 'SBJU', 'UTC-3'),
(28, 'Aeroporto de Rio Branco - Plácido de Castro', 'AC', 'Brasil', 'RBR', 'SBRB', 'UTC-5'),
(29, 'Aeroporto de Porto Velho - Governador Jorge Teixeira de Oliveira', 'RO', 'Brasil', 'PVH', 'SBPV', 'UTC-4'),
(30, 'Aeroporto de Boa Vista - Atlas Brasil Cantanhede', 'RR', 'Brasil', 'BVB', 'SBBV', 'UTC-4'),
(31, 'Aeroporto de Macaé', 'RJ', 'Brasil', 'MEA', 'SBME', 'UTC-3'),
(32, 'Aeroporto de Juiz de Fora - Francisco Álvares de Assis', 'MG', 'Brasil', 'JDF', 'SBJF', 'UTC-3'),
(33, 'Aeroporto de Parnaíba - Prefeito Dr. João Silva Filho', 'PI', 'Brasil', 'PHB', 'SBPB', 'UTC-3'),
(34, 'Aeroporto de Itaituba', 'PA', 'Brasil', 'ITB', 'SBIT', 'UTC-3'),
(35, 'Aeroporto de Imperatriz - Prefeito Renato Moreira', 'MA', 'Brasil', 'IMP', 'SBIZ', 'UTC-3');

INSERT INTO "Tripulacao" ("nCdTripulante", "cNome", "cCpf", "cCargo", "cLicenca", "tDataAdmissao") VALUES
(1, 'Carlos Silva', '12345678901', 'Piloto', 'PP123456', '2015-03-10'),
(2, 'Mariana Costa', '98765432100', 'Co-piloto', 'CP987654', '2016-07-15'),
(3, 'Roberto Almeida', '45678901234', 'Comissário de bordo', 'CB456789', '2018-01-20'),
(4, 'Juliana Oliveira', '32165498765', 'Comissário de bordo', 'CB321654', '2017-09-05'),
(5, 'Luciano Pereira', '78912345678', 'Piloto', 'PP789123', '2014-12-08'),
(6, 'Fernanda Lima', '65498732109', 'Comissário de bordo', 'CB654987', '2019-04-22'),
(7, 'José Santos', '15975346825', 'Piloto', 'PP159753', '2013-06-30'),
(8, 'Larissa Rocha', '75315924680', 'Co-piloto', 'CP753159', '2020-11-10'),
(9, 'Paulo Henrique', '95135786420', 'Comissário de bordo', 'CB951357', '2020-05-14'),
(10, 'Ana Souza', '35715948620', 'Comissário de bordo', 'CB357159', '2021-03-23'),
(11, 'Roberta Martins', '96385274120', 'Piloto', 'PP963852', '2012-11-11'),
(12, 'Tiago Pereira', '74185296374', 'Co-piloto', 'CP741852', '2015-02-05'),
(13, 'Eduardo Ferreira', '25836914702', 'Piloto', 'PP258369', '2017-10-17'),
(14, 'Patrícia Almeida', '85236974158', 'Comissário de bordo', 'CB852369', '2018-06-28'),
(15, 'Gustavo Rocha', '14725836900', 'Piloto', 'PP147258', '2016-08-02'),
(16, 'Camila Santos', '36925814753', 'Comissário de bordo', 'CB369258', '2021-02-19'),
(17, 'Vinícius Souza', '25814796324', 'Co-piloto', 'CP258147', '2019-09-10'),
(18, 'Rafael Costa', '74196325847', 'Comissário de bordo', 'CB741963', '2019-12-13');

INSERT INTO "StatusReserva" ("cStatusReserva") VALUES
('Reservado'),
('Confirmado'),
('Cancelado'),
('Em espera'),
('Alterado'),
('Não compareceu'),
('Concluído');

INSERT INTO "StatusCheckin" ("cStatusNome") VALUES
('Realizado'),
('Pendente'),
('Cancelado'),
('Não autorizado'),
('Concluído');

INSERT INTO "CategoriaProgrFidelidade" ("cCategoria") VALUES
('Bronze'),
('Prata'),
('Ouro'),
('Platina'),
('Diamante');

INSERT INTO "StatusVoo" ("cStatusNome") VALUES
('Programado'),
('Em andamento'),
('Concluído'),
('Cancelado'),
('Atrasado'),
('Pendente');

INSERT INTO "Passageiro" ("nCdPassageiro", "cNome", "cCpf", "cEMail", "cTelefone", "tDataNascimento", "cNacionalidade") VALUES
(1, 'Carlos Souza', '123.456.789-00', 'carlos.souza@email.com', '(11) 91234-5678', '1985-06-15', 'Brasileiro'),
(2, 'Ana Pereira', '234.567.890-11', 'ana.pereira@email.com', '(21) 92345-6789', '1990-07-22', 'Brasileira'),
(3, 'Joaquim Silva', '345.678.901-22', 'joaquim.silva@email.com', '(31) 93456-7890', '1983-03-11', 'Brasileiro'),
(4, 'Mariana Costa', '456.789.012-33', 'mariana.costa@email.com', '(41) 94567-8901', '1992-01-28', 'Brasileira'),
(5, 'Lucas Lima', '567.890.123-44', 'lucas.lima@email.com', '(51) 95678-9012', '1988-02-10', 'Brasileiro'),
(6, 'Beatriz Alves', '678.901.234-55', 'beatriz.alves@email.com', '(61) 96789-0123', '1995-09-14', 'Brasileira'),
(7, 'Pedro Oliveira', '789.012.345-66', 'pedro.oliveira@email.com', '(71) 97890-1234', '1990-05-06', 'Brasileiro'),
(8, 'Renata Martins', '890.123.456-77', 'renata.martins@email.com', '(81) 98901-2345', '1987-12-18', 'Brasileira'),
(9, 'Gustavo Santos', '901.234.567-88', 'gustavo.santos@email.com', '(91) 99012-3456', '1982-04-23', 'Brasileiro'),
(10, 'Cláudia Rocha', '012.345.678-99', 'claudia.rocha@email.com', '(11) 91123-4567', '1993-11-30', 'Brasileira'),
(11, 'Rafael Souza', '123.456.789-01', 'rafael.souza@email.com', '(21) 91234-5678', '1985-07-10', 'Brasileiro'),
(12, 'Isabela Pinto', '234.567.890-12', 'isabela.pinto@email.com', '(31) 92345-6789', '1991-08-25', 'Brasileira'),
(13, 'Fábio Lima', '345.678.901-23', 'fabio.lima@email.com', '(41) 93456-7890', '1989-06-03', 'Brasileiro'),
(14, 'Juliana Santos', '456.789.012-34', 'juliana.santos@email.com', '(51) 94567-8901', '1994-05-10', 'Brasileira'),
(15, 'Ricardo Fernandes', '567.890.123-45', 'ricardo.fernandes@email.com', '(61) 95678-9012', '1990-02-15', 'Brasileiro'),
(16, 'Marcos Oliveira', '678.901.234-56', 'marcos.oliveira@email.com', '(71) 96789-0123', '1988-03-28', 'Brasileiro'),
(17, 'Larissa Costa', '789.012.345-67', 'larissa.costa@email.com', '(81) 97890-1234', '1995-09-17', 'Brasileira'),
(18, 'Felipe Almeida', '890.123.456-78', 'felipe.almeida@email.com', '(91) 98901-2345', '1986-10-05', 'Brasileiro'),
(19, 'Patrícia Rocha', '901.234.567-89', 'patricia.rocha@email.com', '(11) 99012-3456', '1992-02-25', 'Brasileira'),
(20, 'Leonardo Dias', '012.345.678-00', 'leonardo.dias@email.com', '(21) 91123-4567', '1990-06-12', 'Brasileiro'),
(21, 'Camila Martins', '123.456.789-10', 'camila.martins@email.com', '(31) 92234-5678', '1994-07-16', 'Brasileira'),
(22, 'Gustavo Almeida', '234.567.890-21', 'gustavo.almeida@email.com', '(41) 93345-6789', '1987-03-04', 'Brasileiro'),
(23, 'Aline Silva', '345.678.901-32', 'aline.silva@email.com', '(51) 94456-7890', '1989-11-21', 'Brasileira'),
(24, 'Daniela Rocha', '456.789.012-43', 'daniela.rocha@email.com', '(61) 95567-8901', '1992-06-10', 'Brasileira'),
(25, 'Thiago Costa', '567.890.123-54', 'thiago.costa@email.com', '(71) 96678-9012', '1983-02-03', 'Brasileiro'),
(26, 'Amanda Souza', '678.901.234-65', 'amanda.souza@email.com', '(81) 97789-0123', '1990-12-18', 'Brasileira'),
(27, 'Rodrigo Oliveira', '789.012.345-76', 'rodrigo.oliveira@email.com', '(91) 98890-1234', '1986-07-27', 'Brasileiro'),
(28, 'Priscila Martins', '890.123.456-87', 'priscila.martins@email.com', '(11) 99901-2345', '1993-09-02', 'Brasileira'),
(29, 'Renato Santos', '901.234.567-98', 'renato.santos@email.com', '(21) 91012-3456', '1984-03-14', 'Brasileiro'),
(30, 'Michele Pinto', '012.345.678-11', 'michele.pinto@email.com', '(31) 92123-4567', '1991-05-23', 'Brasileira'),
(31, 'Luciana Alves', '123.456.789-12', 'luciana.alves@email.com', '(41) 93234-5678', '1987-01-30', 'Brasileira'),
(32, 'Eduardo Lima', '234.567.890-23', 'eduardo.lima@email.com', '(51) 94345-6789', '1992-10-19', 'Brasileiro'),
(33, 'Simone Silva', '345.678.901-34', 'simone.silva@email.com', '(61) 95456-7890', '1989-04-15', 'Brasileira'),
(34, 'Gustavo Rocha', '456.789.012-45', 'gustavo.rocha@email.com', '(71) 96567-8901', '1994-08-05', 'Brasileiro'),
(35, 'Isabel Santos', '567.890.123-56', 'isabel.santos@email.com', '(81) 97678-9012', '1988-11-02', 'Brasileira'),
(36, 'Carlos Martins', '678.901.234-67', 'carlos.martins@email.com', '(91) 98789-0123', '1983-07-08', 'Brasileiro'),
(37, 'Fabiane Oliveira', '789.012.345-78', 'fabiane.oliveira@email.com', '(11) 99890-1234', '1995-05-14', 'Brasileira'),
(38, 'Thiago Almeida', '890.123.456-89', 'thiago.almeida@email.com', '(21) 90901-2345', '1990-02-06', 'Brasileiro'),
(39, 'Gabriela Lima', '901.234.567-00', 'gabriela.lima@email.com', '(31) 92012-3456', '1993-09-12', 'Brasileira'),
(40, 'Fernanda Silva', '012.345.678-22', 'fernanda.silva@email.com', '(41) 93123-4567', '1987-10-23', 'Brasileira'),
(41, 'Luciana Almeida', '123.456.789-33', 'luciana.almeida@email.com', '(51) 94234-5678', '1994-04-25', 'Brasileira'),
(42, 'Antonio Costa', '234.567.890-44', 'antonio.costa@email.com', '(61) 95345-6789', '1989-01-18', 'Brasileiro'),
(43, 'Juliana Lima', '345.678.901-55', 'juliana.lima@email.com', '(71) 96456-7890', '1995-08-17', 'Brasileira'),
(44, 'Renan Rocha', '456.789.012-66', 'renan.rocha@email.com', '(81) 97567-8901', '1986-11-27', 'Brasileiro'),
(45, 'Natália Oliveira', '567.890.123-77', 'natalia.oliveira@email.com', '(91) 98678-9012', '1992-12-01', 'Brasileira'),
(46, 'Jéssica Santos', '678.901.234-88', 'jessica.santos@email.com', '(11) 99789-0123', '1988-05-06', 'Brasileira'),
(47, 'Victor Silva', '789.012.345-99', 'victor.silva@email.com', '(21) 90890-1234', '1991-04-22', 'Brasileiro'),
(48, 'Paula Silva', '890.123.456-01', 'paula.silva@email.com', '(31) 92123-4567', '1987-06-11', 'Brasileira'),
(49, 'João Fernandes', '901.234.567-12', 'joao.fernandes@email.com', '(41) 93234-5678', '1993-07-05', 'Brasileiro'),
(50, 'Marina Oliveira', '012.345.678-23', 'marina.oliveira@email.com', '(51) 94345-6789', '1989-09-22', 'Brasileira'),
(51, 'Eduarda Costa', '123.456.789-34', 'eduarda.costa@email.com', '(61) 95456-7890', '1992-11-18', 'Brasileira'),
(52, 'Felipe Rocha', '234.567.890-45', 'felipe.rocha@email.com', '(71) 96567-8901', '1988-01-14', 'Brasileiro'),
(53, 'Marcela Santos', '345.678.901-56', 'marcela.santos@email.com', '(81) 97678-9012', '1990-03-07', 'Brasileira'),
(54, 'André Lima', '456.789.012-67', 'andre.lima@email.com', '(91) 98789-0123', '1983-05-29', 'Brasileiro'),
(55, 'Tamires Almeida', '567.890.123-78', 'tamires.almeida@email.com', '(11) 99890-1234', '1995-12-22', 'Brasileira'),
(56, 'Renan Oliveira', '678.901.234-89', 'renan.oliveira@email.com', '(21) 90901-2345', '1991-08-09', 'Brasileiro'),
(57, 'Larissa Pinto', '789.012.345-90', 'larissa.pinto@email.com', '(31) 92012-3456', '1985-02-15', 'Brasileira'),
(58, 'Samuel Rocha', '890.123.456-11', 'samuel.rocha@email.com', '(41) 93123-4567', '1992-04-26', 'Brasileiro'),
(59, 'Carolina Alves', '901.234.567-23', 'carolina.alves@email.com', '(51) 94234-5678', '1993-10-03', 'Brasileira'),
(60, 'Vinícius Santos', '012.345.678-34', 'vinicius.santos@email.com', '(61) 95345-6789', '1989-12-28', 'Brasileiro'),
(61, 'Bárbara Lima', '123.456.789-45', 'barbara.lima@email.com', '(71) 96456-7890', '1986-07-01', 'Brasileira'),
(62, 'Guilherme Costa', '234.567.890-56', 'guilherme.costa@email.com', '(81) 97567-8901', '1992-02-04', 'Brasileiro'),
(63, 'Kelly Martins', '345.678.901-67', 'kelly.martins@email.com', '(91) 98678-9012', '1988-10-21', 'Brasileira'),
(64, 'Marcos Silva', '456.789.012-78', 'marcos.silva@email.com', '(11) 99789-0123', '1984-06-12', 'Brasileiro'),
(65, 'Carla Fernandes', '567.890.123-89', 'carla.fernandes@email.com', '(21) 90890-1234', '1995-05-11', 'Brasileira'),
(66, 'Rogério Souza', '678.901.234-90', 'rogerio.souza@email.com', '(31) 91901-2345', '1990-01-09', 'Brasileiro'),
(67, 'Vanessa Almeida', '789.012.345-01', 'vanessa.almeida@email.com', '(41) 93012-3456', '1987-08-22', 'Brasileira'),
(68, 'Paula Martins', '890.123.456-12', 'paula.martins@email.com', '(51) 94123-4567', '1992-05-10', 'Brasileira'),
(69, 'Danilo Silva', '901.234.567-34', 'danilo.silva@email.com', '(61) 95234-5678', '1993-04-08', 'Brasileiro'),
(70, 'Isabella Pinto', '012.345.678-45', 'isabella.pinto@email.com', '(71) 96345-6789', '1989-09-20', 'Brasileira'),
(71, 'Ricardo Costa', '123.456.789-56', 'ricardo.costa@email.com', '(81) 97456-7890', '1992-01-11', 'Brasileiro'),
(72, 'Fábio Santos', '234.567.890-67', 'fabio.santos@email.com', '(91) 98567-8901', '1988-03-17', 'Brasileiro'),
(73, 'Bruna Rocha', '345.678.901-78', 'bruna.rocha@email.com', '(11) 99678-9012', '1994-07-14', 'Brasileira'),
(74, 'Otávio Oliveira', '456.789.012-89', 'otavio.oliveira@email.com', '(21) 90789-0123', '1991-11-01', 'Brasileiro'),
(75, 'Luciane Silva', '567.890.123-90', 'luciane.silva@email.com', '(31) 91890-1234', '1990-12-05', 'Brasileira'),
(76, 'Eliane Martins', '678.901.234-01', 'eliane.martins@email.com', '(41) 92901-2345', '1983-06-03', 'Brasileira'),
(77, 'Giovana Costa', '789.012.345-12', 'giovana.costa@email.com', '(51) 93912-3456', '1989-07-30', 'Brasileira'),
(78, 'Daniela Lima', '890.123.456-23', 'daniela.lima@email.com', '(61) 95023-4567', '1994-09-28', 'Brasileira'),
(79, 'Lucas Rocha', '901.234.567-45', 'lucas.rocha@email.com', '(71) 96134-5678', '1986-04-19', 'Brasileiro'),
(80, 'Rafael Pinto', '012.345.678-56', 'rafael.pinto@email.com', '(81) 97245-6789', '1992-11-25', 'Brasileiro'),
(81, 'Eduardo Santos', '123.456.789-67', 'eduardo.santos@email.com', '(91) 98356-7890', '1988-10-14', 'Brasileiro'),
(82, 'Sandra Oliveira', '234.567.890-78', 'sandra.oliveira@email.com', '(11) 99367-8901', '1995-08-02', 'Brasileira'),
(83, 'Marcio Fernandes', '345.678.901-89', 'marcio.fernandes@email.com', '(21) 90478-9012', '1987-09-26', 'Brasileiro'),
(84, 'Juliana Silva', '456.789.012-09', 'juliana.silva@email.com', '(31) 91589-0123', '1993-06-05', 'Brasileira'),
(85, 'Beatriz Rocha', '567.890.123-12', 'beatriz.rocha@email.com', '(41) 92690-1234', '1989-04-08', 'Brasileira'),
(86, 'Matheus Almeida', '678.901.234-23', 'matheus.almeida@email.com', '(51) 93701-2345', '1990-05-18', 'Brasileiro'),
(87, 'Roberta Lima', '789.012.345-34', 'roberta.lima@email.com', '(61) 94812-3456', '1992-01-22', 'Brasileira'),
(88, 'Otavio Costa', '890.123.456-45', 'otavio.costa@email.com', '(71) 95923-4567', '1987-02-14', 'Brasileiro'),
(89, 'Mariana Fernandes', '901.234.567-56', 'mariana.fernandes@email.com', '(81) 97034-5678', '1990-08-03', 'Brasileira'),
(90, 'Simone Pinto', '012.345.678-67', 'simone.pinto@email.com', '(91) 98145-6789', '1993-07-28', 'Brasileira'),
(91, 'Vera Lima', '123.456.789-78', 'vera.lima@email.com', '(11) 99256-7890', '1989-03-09', 'Brasileira'),
(92, 'Cláudio Rocha', '234.567.890-89', 'claudio.rocha@email.com', '(21) 90367-8901', '1995-12-17', 'Brasileiro'),
(93, 'Renato Almeida', '345.678.901-90', 'renato.almeida@email.com', '(31) 91478-9012', '1986-11-01', 'Brasileiro'),
(94, 'Eduarda Silva', '456.789.012-01', 'eduarda.silva@email.com', '(41) 92589-0123', '1992-05-18', 'Brasileira'),
(95, 'Lucas Fernandes', '567.890.123-23', 'lucas.fernandes@email.com', '(51) 93690-1234', '1994-02-08', 'Brasileiro'),
(96, 'Letícia Pinto', '678.901.234-34', 'leticia.pinto@email.com', '(61) 94701-2345', '1988-06-20', 'Brasileira'),
(97, 'Rodrigo Rocha', '789.012.345-45', 'rodrigo.rocha@email.com', '(71) 95812-3456', '1992-04-11', 'Brasileiro'),
(98, 'Helena Barbosa', '321.654.987-00', 'helena.barbosa@email.com', '(11) 91212-3434', '1990-02-14', 'Brasileira'),
(99, 'Murilo Rezende', '432.765.098-11', 'murilo.rezende@email.com', '(21) 92323-4545', '1987-05-23', 'Brasileiro'),
(100, 'Alana Ribeiro', '543.876.109-22', 'alana.ribeiro@email.com', '(31) 93434-5656', '1995-07-11', 'Brasileira'),
(101, 'Diego Cunha', '654.987.210-33', 'diego.cunha@email.com', '(41) 94545-6767', '1989-03-08', 'Brasileiro'),
(102, 'Bruna Andrade', '765.098.321-44', 'bruna.andrade@email.com', '(51) 95656-7878', '1992-11-20', 'Brasileira'),
(103, 'Paulo Nogueira', '876.109.432-55', 'paulo.nogueira@email.com', '(61) 96767-8989', '1985-06-30', 'Brasileiro'),
(104, 'Lorena Teixeira', '987.210.543-66', 'lorena.teixeira@email.com', '(71) 97878-9090', '1991-12-07', 'Brasileira'),
(105, 'Henrique Carvalho', '098.321.654-77', 'henrique.carvalho@email.com', '(81) 98989-1010', '1988-04-12', 'Brasileiro'),
(106, 'Vitória Moura', '109.432.765-88', 'vitoria.moura@email.com', '(91) 99090-2121', '1994-10-16', 'Brasileira'),
(107, 'Leandro Pires', '210.543.876-99', 'leandro.pires@email.com', '(11) 91111-3232', '1986-09-03', 'Brasileiro'),
(108, 'Tatiane Farias', '321.654.098-00', 'tatiane.farias@email.com', '(21) 92222-4343', '1993-05-15', 'Brasileira'),
(109, 'Márcio Batista', '432.765.109-11', 'marcio.batista@email.com', '(31) 93333-5454', '1982-07-21', 'Brasileiro'),
(110, 'Camila Freitas', '543.876.210-22', 'camila.freitas@email.com', '(41) 94444-6565', '1990-09-19', 'Brasileira'),
(111, 'Eduardo Peixoto', '654.987.321-33', 'eduardo.peixoto@email.com', '(51) 95555-7676', '1984-11-11', 'Brasileiro'),
(112, 'Sabrina Alves', '765.098.432-44', 'sabrina.alves@email.com', '(61) 96666-8787', '1996-02-17', 'Brasileira'),
(113, 'Fabiano Silva', '876.109.543-55', 'fabiano.silva@email.com', '(71) 97777-9898', '1987-01-04', 'Brasileiro'),
(114, 'Patrícia Cardoso', '987.210.654-66', 'patricia.cardoso@email.com', '(81) 98888-0909', '1992-06-26', 'Brasileira'),
(115, 'João Mesquita', '098.321.765-77', 'joao.mesquita@email.com', '(91) 99999-1010', '1985-12-02', 'Brasileiro'),
(116, 'Isabela Souza', '109.432.876-88', 'isabela.souza@email.com', '(11) 90000-2121', '1991-03-18', 'Brasileira'),
(117, 'Fernando Teles', '210.543.987-99', 'fernando.teles@email.com', '(21) 91111-3232', '1989-05-29', 'Brasileiro'),
(118, 'Luana Gonçalves', '321.654.109-00', 'luana.goncalves@email.com', '(31) 92222-4343', '1995-08-14', 'Brasileira'),
(119, 'Rafael Moreira', '432.765.210-11', 'rafael.moreira@email.com', '(41) 93333-5454', '1986-10-01', 'Brasileiro'),
(120, 'Natália Lopes', '543.876.321-22', 'natalia.lopes@email.com', '(51) 94444-6565', '1993-12-22', 'Brasileira'),
(121, 'Bruno Azevedo', '654.987.432-33', 'bruno.azevedo@email.com', '(61) 95555-7676', '1988-07-09', 'Brasileiro'),
(122, 'Gabriela Queiroz', '765.098.543-44', 'gabriela.queiroz@email.com', '(71) 96666-8787', '1990-11-27', 'Brasileira'),
(123, 'Marcelo Prado', '876.109.654-55', 'marcelo.prado@email.com', '(81) 97777-9898', '1983-04-03', 'Brasileiro'),
(124, 'Carolina Barreto', '987.210.765-66', 'carolina.barreto@email.com', '(91) 98888-0909', '1992-09-15', 'Brasileira'),
(125, 'Rodrigo Guimarães', '098.321.876-77', 'rodrigo.guimaraes@email.com', '(11) 99999-1010', '1987-12-10', 'Brasileiro'),
(126, 'Amanda Martins', '109.432.987-88', 'amanda.martins@email.com', '(21) 90000-2121', '1994-01-25', 'Brasileira'),
(127, 'Felipe Arantes', '210.543.098-99', 'felipe.arantes@email.com', '(31) 91111-3232', '1985-11-13', 'Brasileiro'),
(128, 'Priscila Figueiredo', '321.654.109-10', 'priscila.figueiredo@email.com', '(41) 92222-4343', '1990-06-06', 'Brasileira'),
(129, 'Vinícius Dantas', '432.765.210-21', 'vinicius.dantas@email.com', '(51) 93333-5454', '1988-05-01', 'Brasileiro'),
(130, 'Beatriz Campos', '543.876.321-32', 'beatriz.campos@email.com', '(61) 94444-6565', '1991-07-19', 'Brasileira'),
(131, 'Lucas Nascimento', '654.987.432-43', 'lucas.nascimento@email.com', '(71) 95555-7676', '1986-03-11', 'Brasileiro'),
(132, 'Juliana Rocha', '765.098.543-54', 'juliana.rocha@email.com', '(81) 96666-8787', '1993-09-25', 'Brasileira'),
(133, 'Caio Monteiro', '876.109.654-65', 'caio.monteiro@email.com', '(91) 97777-9898', '1990-04-14', 'Brasileiro'),
(134, 'Letícia Borges', '987.210.765-76', 'leticia.borges@email.com', '(11) 98888-0909', '1989-08-30', 'Brasileira'),
(135, 'André Vasconcelos', '098.321.876-87', 'andre.vasconcelos@email.com', '(21) 99999-1010', '1987-11-16', 'Brasileiro'),
(136, 'Melissa Cunha', '109.432.987-98', 'melissa.cunha@email.com', '(31) 90000-2121', '1995-03-02', 'Brasileira'),
(137, 'Sandro Lima', '210.543.098-09', 'sandro.lima@email.com', '(41) 91111-3232', '1984-10-07', 'Brasileiro'),
(138, 'Camila Duarte', '321.654.109-20', 'camila.duarte@email.com', '(51) 92222-4343', '1992-05-12', 'Brasileira'),
(139, 'Thiago Mendes', '432.765.210-31', 'thiago.mendes@email.com', '(61) 93333-5454', '1988-01-18', 'Brasileiro'),
(140, 'Larissa Macedo', '543.876.321-42', 'larissa.macedo@email.com', '(71) 94444-6565', '1990-10-22', 'Brasileira'),
(141, 'Fábio Coelho', '654.987.432-53', 'fabio.coelho@email.com', '(81) 95555-7676', '1987-02-28', 'Brasileiro'),
(142, 'Patrícia Silva', '765.098.543-64', 'patricia.silva@email.com', '(91) 96666-8787', '1993-07-04', 'Brasileira'),
(143, 'Gustavo Assis', '876.109.654-75', 'gustavo.assis@email.com', '(11) 97777-9898', '1989-06-15', 'Brasileiro'),
(144, 'Marcela Correia', '987.210.765-86', 'marcela.correia@email.com', '(21) 98888-0909', '1991-09-29', 'Brasileira'),
(145, 'Anderson Vieira', '098.321.876-97', 'anderson.vieira@email.com', '(31) 99999-1010', '1986-12-12', 'Brasileiro'),
(146, 'Jéssica Ramos', '109.432.987-08', 'jessica.ramos@email.com', '(41) 90000-2121', '1994-11-01', 'Brasileira'),
(147, 'Bruno Tavares', '210.543.098-19', 'bruno.tavares@email.com', '(51) 91111-3232', '1985-02-05', 'Brasileiro'),
(148, 'Amanda Pacheco', '326.491.827-45', 'amanda.pacheco@email.com', '(11) 91234-5678', '1991-01-15', 'Brasileira'),
(149, 'Rodrigo Sales', '589.102.347-68', 'rodrigo.sales@email.com', '(21) 92345-6789', '1987-02-24', 'Brasileiro'),
(150, 'Carla Ventura', '147.963.258-79', 'carla.ventura@email.com', '(31) 93456-7890', '1994-03-19', 'Brasileira'),
(151, 'Felipe Drumond', '798.654.321-00', 'felipe.drumond@email.com', '(41) 94567-8901', '1989-04-05', 'Brasileiro'),
(152, 'Natália Fernandes', '258.147.369-14', 'natalia.fernandes@email.com', '(51) 95678-9012', '1992-05-27', 'Brasileira'),
(153, 'Leonardo Bastos', '681.234.975-10', 'leonardo.bastos@email.com', '(61) 96789-0123', '1985-06-13', 'Brasileiro'),
(154, 'Camila Muniz', '379.156.482-06', 'camila.muniz@email.com', '(71) 97890-1234', '1996-07-30', 'Brasileira'),
(155, 'Danilo Lemos', '917.852.463-21', 'danilo.lemos@email.com', '(81) 98901-2345', '1988-08-22', 'Brasileiro'),
(156, 'Patrícia Sampaio', '472.963.158-45', 'patricia.sampaio@email.com', '(91) 99012-3456', '1993-09-08', 'Brasileira'),
(157, 'Thiago Ribeiro', '359.147.268-30', 'thiago.ribeiro@email.com', '(11) 90123-4567', '1984-10-11', 'Brasileiro'),
(158, 'Juliana Alencar', '801.357.924-60', 'juliana.alencar@email.com', '(21) 91234-5678', '1991-11-02', 'Brasileira'),
(159, 'Bruno Moretti', '245.789.136-97', 'bruno.moretti@email.com', '(31) 92345-6789', '1987-12-25', 'Brasileiro'),
(160, 'Lorena Paiva', '987.654.123-55', 'lorena.paiva@email.com', '(41) 93456-7890', '1995-01-14', 'Brasileira'),
(161, 'Guilherme Antunes', '132.645.978-99', 'guilherme.antunes@email.com', '(51) 94567-8901', '1989-02-18', 'Brasileiro'),
(162, 'Mariana Fonseca', '416.852.739-02', 'mariana.fonseca@email.com', '(61) 95678-9012', '1992-03-06', 'Brasileira'),
(163, 'Rafael Albuquerque', '753.159.284-70', 'rafael.albuquerque@email.com', '(71) 96789-0123', '1986-04-29', 'Brasileiro'),
(164, 'Bianca Reis', '897.546.321-45', 'bianca.reis@email.com', '(81) 97890-1234', '1990-05-03', 'Brasileira'),
(165, 'Caio Matos', '648.239.571-01', 'caio.matos@email.com', '(91) 98901-2345', '1985-06-17', 'Brasileiro'),
(166, 'Fernanda Brito', '179.364.852-66', 'fernanda.brito@email.com', '(11) 99012-3456', '1993-07-22', 'Brasileira'),
(167, 'Eduardo Neves', '945.621.378-09', 'eduardo.neves@email.com', '(21) 90123-4567', '1988-08-31', 'Brasileiro'),
(168, 'Vanessa Martins', '319.248.657-73', 'vanessa.martins@email.com', '(31) 91234-5678', '1995-09-14', 'Brasileira'),
(169, 'Lucas Amaral', '862.497.153-26', 'lucas.amaral@email.com', '(41) 92345-6789', '1986-10-09', 'Brasileiro'),
(170, 'Sofia Campos', '725.134.698-54', 'sofia.campos@email.com', '(51) 93456-7890', '1991-11-26', 'Brasileira'),
(171, 'Pedro Cunha', '674.523.819-05', 'pedro.cunha@email.com', '(61) 94567-8901', '1987-12-17', 'Brasileiro'),
(172, 'Isabela Mendes', '312.789.456-81', 'isabela.mendes@email.com', '(71) 95678-9012', '1994-01-05', 'Brasileira'),
(173, 'Mateus Cardoso', '479.516.328-49', 'mateus.cardoso@email.com', '(81) 96789-0123', '1989-02-23', 'Brasileiro'),
(174, 'Larissa Teixeira', '856.721.439-66', 'larissa.teixeira@email.com', '(91) 97890-1234', '1990-03-31', 'Brasileira'),
(175, 'Bruno Lopes', '937.518.642-07', 'bruno.lopes@email.com', '(11) 98901-2345', '1984-04-07', 'Brasileiro'),
(176, 'Tatiane Freire', '495.836.217-58', 'tatiane.freire@email.com', '(21) 99012-3456', '1996-05-19', 'Brasileira'),
(177, 'Carlos Eduardo', '657.182.439-71', 'carlos.eduardo@email.com', '(31) 90123-4567', '1985-06-27', 'Brasileiro'),
(178, 'Ana Paula Silva', '721.549.386-42', 'ana.paula@email.com', '(41) 91234-5678', '1992-07-08', 'Brasileira'),
(179, 'Daniela Moraes', '458.726.913-85', 'daniela.moraes@email.com', '(51) 92345-6789', '1987-08-16', 'Brasileira'),
(180, 'Marcelo Torres', '582.137.469-23', 'marcelo.torres@email.com', '(61) 93456-7890', '1990-09-29', 'Brasileiro'),
(181, 'Paula Esteves', '714.825.639-05', 'paula.esteves@email.com', '(71) 94567-8901', '1991-10-13', 'Brasileira'),
(182, 'Igor Vieira', '643.917.258-84', 'igor.vieira@email.com', '(81) 95678-9012', '1988-11-25', 'Brasileiro'),
(183, 'Gabriela Silva', '512.846.397-10', 'gabriela.silva@email.com', '(91) 96789-0123', '1985-12-04', 'Brasileira'),
(184, 'Murilo Souza', '986.231.475-66', 'murilo.souza@email.com', '(11) 97890-1234', '1993-01-15', 'Brasileiro'),
(185, 'Raquel Pires', '235.478.169-35', 'raquel.pires@email.com', '(21) 98901-2345', '1994-02-28', 'Brasileira'),
(186, 'Otávio Gomes', '874.213.596-52', 'otavio.gomes@email.com', '(31) 99012-3456', '1989-03-20', 'Brasileiro'),
(187, 'Elaine Castro', '459.728.136-67', 'elaine.castro@email.com', '(41) 90123-4567', '1990-04-10', 'Brasileira'),
(188, 'Cauã Fernandes', '621.579.834-92', 'caua.fernandes@email.com', '(51) 91234-5678', '1986-05-30', 'Brasileiro'),
(189, 'Júlia Rocha', '348.259.761-80', 'julia.rocha@email.com', '(61) 92345-6789', '1991-06-11', 'Brasileira'),
(190, 'Matheus Pinheiro', '547.816.293-74', 'matheus.pinheiro@email.com', '(71) 93456-7890', '1988-07-21', 'Brasileiro'),
(191, 'Elisa Costa', '783.215.649-10', 'elisa.costa@email.com', '(81) 94567-8901', '1995-08-12', 'Brasileira'),
(192, 'André Souza', '654.398.217-82', 'andre.souza@email.com', '(91) 95678-9012', '1984-09-03', 'Brasileiro'),
(193, 'Verônica Albuquerque', '812.475.369-58', 'veronica.albuquerque@email.com', '(11) 96789-0123', '1992-10-22', 'Brasileira'),
(194, 'Marcelo Brito', '138.264.957-04', 'marcelo.brito@email.com', '(21) 97890-1234', '1987-11-06', 'Brasileiro'),
(195, 'Catarina Farias', '429.781.653-71', 'catarina.farias@email.com', '(31) 98901-2345', '1990-12-15', 'Brasileira'),
(196, 'Eduarda Ramos', '574.816.329-45', 'eduarda.ramos@email.com', '(41) 99012-3456', '1993-01-30', 'Brasileira'),
(197, 'Rogério Souza', '847.261.594-36', 'rogerio.souza@email.com', '(51) 90123-4567', '1989-02-11', 'Brasileiro'),
(198, 'Beatriz Santos', '214.589.731-65', 'beatriz.santos@email.com', '(11) 91234-1234', '1993-02-11', 'Brasileira'),
(199, 'Vinícius Moura', '634.782.915-04', 'vinicius.moura@email.com', '(21) 92345-2345', '1987-03-20', 'Brasileiro'),
(200, 'Aline Fagundes', '871.235.469-22', 'aline.fagundes@email.com', '(31) 93456-3456', '1995-04-09', 'Brasileira'),
(201, 'Bruno Assis', '157.439.628-91', 'bruno.assis@email.com', '(41) 94567-4567', '1990-05-15', 'Brasileiro'),
(202, 'Camila Abreu', '328.671.594-07', 'camila.abreu@email.com', '(51) 95678-5678', '1992-06-18', 'Brasileira'),
(203, 'Daniel Fernandes', '579.183.246-88', 'daniel.fernandes@email.com', '(61) 96789-6789', '1988-07-23', 'Brasileiro'),
(204, 'Letícia Ribeiro', '718.429.365-55', 'leticia.ribeiro@email.com', '(71) 97890-7890', '1996-08-04', 'Brasileira'),
(205, 'Fábio Lima', '426.831.759-18', 'fabio.lima@email.com', '(81) 98901-8901', '1991-09-27', 'Brasileiro'),
(206, 'Mariana Rocha', '697.125.384-02', 'mariana.rocha@email.com', '(91) 99012-9012', '1989-10-19', 'Brasileira'),
(207, 'Tiago Almeida', '853.417.269-37', 'tiago.almeida@email.com', '(11) 90123-1123', '1986-11-02', 'Brasileiro'),
(208, 'Isabela Barros', '248.316.579-61', 'isabela.barros@email.com', '(21) 91234-2234', '1994-12-17', 'Brasileira'),
(209, 'Marcelo Campos', '681.749.253-80', 'marcelo.campos@email.com', '(31) 92345-3345', '1990-01-06', 'Brasileiro'),
(210, 'Eduarda Nunes', '536.218.497-14', 'eduarda.nunes@email.com', '(41) 93456-4456', '1985-02-26', 'Brasileira'),
(211, 'Henrique Couto', '794.582.361-42', 'henrique.couto@email.com', '(51) 94567-5567', '1993-03-12', 'Brasileiro'),
(212, 'Juliana Assunção', '125.987.643-79', 'juliana.assuncao@email.com', '(61) 95678-6678', '1987-04-28', 'Brasileira'),
(213, 'Rodrigo Peixoto', '328.715.946-53', 'rodrigo.peixoto@email.com', '(71) 96789-7789', '1984-05-09', 'Brasileiro'),
(214, 'Paula Ferreira', '541.693.287-01', 'paula.ferreira@email.com', '(81) 97890-8890', '1996-06-15', 'Brasileira'),
(215, 'Lucas Correia', '816.325.479-62', 'lucas.correia@email.com', '(91) 98901-9901', '1992-07-22', 'Brasileiro'),
(216, 'Patrícia Valente', '273.841.596-48', 'patricia.valente@email.com', '(11) 99012-1012', '1995-08-31', 'Brasileira'),
(217, 'Caio Mourão', '619.274.385-90', 'caio.mourao@email.com', '(21) 90123-2123', '1989-09-05', 'Brasileiro'),
(218, 'Letícia Oliveira', '714.592.138-66', 'leticia.oliveira@email.com', '(31) 91234-3234', '1991-10-16', 'Brasileira'),
(219, 'Felipe Braga', '893.451.627-79', 'felipe.braga@email.com', '(41) 92345-4345', '1994-11-27', 'Brasileiro'),
(220, 'Ana Luiza', '352.816.479-21', 'ana.luiza@email.com', '(51) 93456-5456', '1990-12-04', 'Brasileira'),
(221, 'Gabriel França', '786.231.459-18', 'gabriel.franca@email.com', '(61) 94567-6567', '1993-01-25', 'Brasileiro'),
(222, 'Carolina Souza', '492.178.365-82', 'carolina.souza@email.com', '(71) 95678-7678', '1986-02-10', 'Brasileira'),
(223, 'Bruna Dantas', '621.934.587-03', 'bruna.dantas@email.com', '(81) 96789-8789', '1996-03-06', 'Brasileira'),
(224, 'André Carvalho', '357.481.269-75', 'andre.carvalho@email.com', '(91) 97890-9890', '1992-04-12', 'Brasileiro'),
(225, 'Lorena Vasconcelos', '712.893.541-64', 'lorena.vasconcelos@email.com', '(11) 98901-0901', '1988-05-29', 'Brasileira'),
(226, 'Diego Borges', '471.269.835-40', 'diego.borges@email.com', '(21) 99012-1011', '1985-06-07', 'Brasileiro'),
(227, 'Tatiane Rocha', '582.917.463-22', 'tatiane.rocha@email.com', '(31) 90123-2122', '1991-07-14', 'Brasileira'),
(228, 'Murilo Andrade', '689.453.219-57', 'murilo.andrade@email.com', '(41) 91234-3233', '1990-08-25', 'Brasileiro'),
(229, 'Larissa Matos', '896.213.547-81', 'larissa.matos@email.com', '(51) 92345-4344', '1994-09-03', 'Brasileira'),
(230, 'Renato Pimentel', '326.587.491-09', 'renato.pimentel@email.com', '(61) 93456-5455', '1992-10-20', 'Brasileiro'),
(231, 'Isabela Rocha', '584.176.392-47', 'isabela.rocha2@email.com', '(71) 94567-6566', '1989-11-11', 'Brasileira'),
(232, 'Marcela Barreto', '821.539.674-01', 'marcela.barreto@email.com', '(81) 95678-7677', '1995-12-30', 'Brasileira'),
(233, 'Hugo Moreira', '417.682.539-83', 'hugo.moreira@email.com', '(91) 96789-8788', '1987-01-18', 'Brasileiro'),
(234, 'Vitória Faria', '751.493.826-12', 'vitoria.faria@email.com', '(11) 97890-9899', '1991-02-07', 'Brasileira'),
(235, 'Eduardo Sena', '239.678.514-35', 'eduardo.sena@email.com', '(21) 98901-0900', '1986-03-21', 'Brasileiro'),
(236, 'Fernanda Teixeira', '693.841.275-09', 'fernanda.teixeira@email.com', '(31) 99012-1010', '1993-04-14', 'Brasileira'),
(237, 'Alana Prado', '548.273.169-67', 'alana.prado@email.com', '(41) 90123-2121', '1990-05-26', 'Brasileira'),
(238, 'Caio Gomes', '879.512.364-94', 'caio.gomes@email.com', '(51) 91234-3232', '1996-06-08', 'Brasileiro'),
(239, 'Jéssica Soares', '415.968.237-60', 'jessica.soares@email.com', '(61) 92345-4343', '1992-07-19', 'Brasileira'),
(240, 'Thiago Pires', '724.316.598-28', 'thiago.pires@email.com', '(71) 93456-5454', '1994-08-27', 'Brasileiro'),
(241, 'Brenda Costa', '691.842.579-73', 'brenda.costa@email.com', '(81) 94567-6565', '1991-09-06', 'Brasileira'),
(242, 'Otávio Souza', '347.598.126-45', 'otavio.souza@email.com', '(91) 95678-7676', '1988-10-17', 'Brasileiro'),
(243, 'Ana Paula', '871.654.392-19', 'ana.paula2@email.com', '(11) 96789-8787', '1990-11-24', 'Brasileira'),
(244, 'Gustavo Ribeiro', '519.437.682-01', 'gustavo.ribeiro@email.com', '(21) 97890-9898', '1995-12-05', 'Brasileiro'),
(245, 'Lívia Barbosa', '684.293.175-58', 'livia.barbosa@email.com', '(31) 98901-0909', '1992-01-02', 'Brasileira'),
(246, 'Enzo Fernandes', '258.731.946-30', 'enzo.fernandes@email.com', '(41) 99012-1019', '1994-02-15', 'Brasileiro'),
(247, 'Catarina Lima', '392.168.457-09', 'catarina.lima@email.com', '(51) 90123-2129', '1991-03-24', 'Brasileira');

INSERT INTO "Voo" (
  "nCdVoo", "cNumeroVoo", "cAeroportoOrigem", "cAeroportoDestino",
  "tDataPartida", "tDataChegada", "dPrecoTotal", "nDuracaoTotalMinutos",
  "nCdAeronave", "nCdTripulante", "cStatusVoo"
)
VALUES
(1, 'VCA0000001', 'GRU', 'BSB', '2025-05-10 08:00:00', '2025-05-10 10:30:00', 789.45, 150, 3, 8, 'Programado'),
(2, 'VCA0000002', 'GIG', 'CNF', '2025-05-10 09:00:00', '2025-05-10 11:45:00', 1320.99, 165, 7, 1, 'Atrasado'),
(3, 'VCA0000003', 'SSA', 'POA', '2025-05-10 10:00:00', '2025-05-10 12:55:00', 534.23, 175, 2, 6, 'Concluído'),
(4, 'VCA0000004', 'CWB', 'REC', '2025-05-11 07:15:00', '2025-05-11 09:00:00', 459.78, 105, 6, 9, 'Cancelado'),
(5, 'VCA0000005', 'POA', 'FOR', '2025-05-11 14:30:00', '2025-05-11 17:30:00', 1120.50, 180, 8, 5, 'Em andamento'),
(6, 'VCA0000006', 'MAO', 'BSB', '2025-05-11 16:00:00', '2025-05-11 18:00:00', 867.20, 120, 5, 3, 'Pendente'),
(7, 'VCA0000007', 'GRU', 'FOR', '2025-05-12 09:00:00', '2025-05-12 11:30:00', 356.89, 150, 1, 7, 'Concluído'),
(8, 'VCA0000008', 'REC', 'GIG', '2025-05-12 12:00:00', '2025-05-12 14:00:00', 698.12, 120, 10, 2, 'Programado'),
(9, 'VCA0000009', 'CNF', 'SSA', '2025-05-12 13:30:00', '2025-05-12 15:45:00', 1579.67, 135, 9, 4, 'Em andamento'),
(10, 'VCA0000010', 'BSB', 'MAO', '2025-05-13 08:00:00', '2025-05-13 10:30:00', 433.55, 150, 4, 10, 'Atrasado'),
(11, 'VCA0000011', 'GRU', 'SSA', '2025-05-13 09:30:00', '2025-05-13 12:00:00', 1267.33, 150, 2, 5, 'Pendente'),
(12, 'VCA0000012', 'GIG', 'CWB', '2025-05-13 10:00:00', '2025-05-13 11:45:00', 294.70, 105, 5, 1, 'Cancelado'),
(13, 'VCA0000013', 'SSA', 'REC', '2025-05-14 07:00:00', '2025-05-14 09:30:00', 840.55, 150, 3, 8, 'Concluído'),
(14, 'VCA0000014', 'CWB', 'POA', '2025-05-14 08:30:00', '2025-05-14 10:15:00', 579.90, 105, 9, 3, 'Programado'),
(15, 'VCA0000015', 'POA', 'BSB', '2025-05-14 15:00:00', '2025-05-14 17:00:00', 245.25, 120, 1, 7, 'Atrasado'),
(16, 'VCA0000016', 'MAO', 'FOR', '2025-05-15 07:30:00', '2025-05-15 10:00:00', 1987.80, 150, 7, 6, 'Cancelado'),
(17, 'VCA0000017', 'GRU', 'GIG', '2025-05-15 09:00:00', '2025-05-15 10:30:00', 369.45, 90, 8, 2, 'Pendente'),
(18, 'VCA0000018', 'REC', 'CNF', '2025-05-15 10:30:00', '2025-05-15 13:00:00', 1515.12, 150, 6, 9, 'Em andamento'),
(19, 'VCA0000019', 'CNF', 'GRU', '2025-05-16 08:00:00', '2025-05-16 10:15:00', 1312.33, 135, 10, 4, 'Concluído'),
(20, 'VCA0000020', 'BSB', 'REC', '2025-05-16 10:30:00', '2025-05-16 13:00:00', 512.99, 150, 4, 10, 'Programado'),
(21, 'VCA0000021', 'GRU', 'REC', '2025-05-12 07:00:00', '2025-05-12 09:50:00', 743.25, 170, 3, 7, 'Programado'),
(22, 'VCA0000022', 'SSA', 'BSB', '2025-05-13 15:20:00', '2025-05-13 17:30:00', 1342.90, 130, 6, 2, 'Atrasado'),
(23, 'VCA0000023', 'GIG', 'POA', '2025-05-14 09:45:00', '2025-05-14 13:15:00', 987.45, 210, 2, 8, 'Cancelado'),
(24, 'VCA0000024', 'CWB', 'FOR', '2025-05-15 18:10:00', '2025-05-15 20:00:00', 489.30, 110, 8, 1, 'Em andamento'),
(25, 'VCA0000025', 'MAO', 'CNF', '2025-05-16 12:00:00', '2025-05-16 14:30:00', 1250.75, 150, 5, 5, 'Concluído'),
(26, 'VCA0000026', 'GRU', 'GIG', '2025-05-17 07:00:00', '2025-05-17 08:10:00', 382.60, 70, 9, 3, 'Programado'),
(27, 'VCA0000027', 'REC', 'SSA', '2025-05-18 16:40:00', '2025-05-18 18:25:00', 599.80, 105, 4, 10, 'Pendente'),
(28, 'VCA0000028', 'POA', 'GRU', '2025-05-19 05:15:00', '2025-05-19 07:45:00', 950.00, 150, 7, 4, 'Em andamento'),
(29, 'VCA0000029', 'BSB', 'FOR', '2025-05-20 14:30:00', '2025-05-20 17:10:00', 860.35, 160, 1, 9, 'Cancelado'),
(30, 'VCA0000030', 'CNF', 'MAO', '2025-05-21 10:20:00', '2025-05-21 13:00:00', 1204.95, 160, 10, 6, 'Em andamento'),
(31, 'VCA0000031', 'GRU', 'SSA', '2025-05-12 11:00:00', '2025-05-12 13:30:00', 750.65, 150, 2, 5, 'Concluído'),
(32, 'VCA0000032', 'GIG', 'CWB', '2025-05-13 06:45:00', '2025-05-13 08:30:00', 415.22, 105, 6, 1, 'Pendente'),
(33, 'VCA0000033', 'REC', 'GIG', '2025-05-14 21:10:00', '2025-05-14 23:40:00', 1369.00, 150, 5, 7, 'Programado'),
(34, 'VCA0000034', 'SSA', 'POA', '2025-05-15 12:15:00', '2025-05-15 14:55:00', 689.45, 160, 7, 2, 'Atrasado'),
(35, 'VCA0000035', 'CWB', 'MAO', '2025-05-16 08:30:00', '2025-05-16 12:00:00', 1599.75, 210, 9, 8, 'Cancelado'),
(36, 'VCA0000036', 'POA', 'REC', '2025-05-17 13:50:00', '2025-05-17 16:00:00', 684.10, 130, 3, 3, 'Em andamento'),
(37, 'VCA0000037', 'BSB', 'GRU', '2025-05-18 09:00:00', '2025-05-18 11:15:00', 544.55, 135, 1, 10, 'Concluído'),
(38, 'VCA0000038', 'CNF', 'FOR', '2025-05-19 18:45:00', '2025-05-19 21:15:00', 1033.99, 150, 4, 4, 'Pendente'),
(39, 'VCA0000039', 'GRU', 'BSB', '2025-05-20 07:30:00', '2025-05-20 09:30:00', 950.85, 120, 8, 6, 'Programado'),
(40, 'VCA0000040', 'GIG', 'CNF', '2025-05-21 16:20:00', '2025-05-21 18:45:00', 899.90, 145, 10, 9, 'Atrasado'),
(41, 'VCA0000041', 'REC', 'POA', '2025-05-12 18:30:00', '2025-05-12 21:00:00', 710.60, 150, 7, 7, 'Concluído'),
(42, 'VCA0000042', 'SSA', 'GRU', '2025-05-13 07:10:00', '2025-05-13 09:40:00', 565.35, 150, 6, 1, 'Em andamento'),
(43, 'VCA0000043', 'CWB', 'GIG', '2025-05-14 17:00:00', '2025-05-14 19:20:00', 632.75, 140, 5, 2, 'Cancelado'),
(44, 'VCA0000044', 'MAO', 'SSA', '2025-05-15 11:30:00', '2025-05-15 14:00:00', 1544.20, 150, 2, 8, 'Atrasado'),
(45, 'VCA0000045', 'GRU', 'CWB', '2025-05-16 19:10:00', '2025-05-16 21:30:00', 705.10, 140, 9, 5, 'Programado'),
(46, 'VCA0000046', 'GIG', 'BSB', '2025-05-17 06:00:00', '2025-05-17 08:30:00', 870.00, 150, 4, 4, 'Concluído'),
(47, 'VCA0000047', 'REC', 'GRU', '2025-05-18 12:10:00', '2025-05-18 14:50:00', 799.80, 160, 3, 6, 'Pendente'),
(48, 'VCA0000048', 'POA', 'GIG', '2025-05-19 08:15:00', '2025-05-19 10:40:00', 660.45, 145, 8, 9, 'Programado'),
(49, 'VCA0000049', 'BSB', 'REC', '2025-05-20 13:30:00', '2025-05-20 16:00:00', 1250.90, 150, 1, 1, 'Atrasado'),
(50, 'VCA0000050', 'CNF', 'SSA', '2025-05-21 15:45:00', '2025-05-21 18:00:00', 599.55, 135, 10, 7, 'Cancelado'),
(51, 'VCA0000051', 'BSB', 'FOR', '2025-06-21 14:20:00', '2025-06-21 16:55:00', 687.45, 155, 4, 8, 'Em andamento'),
(52, 'VCA0000052', 'POA', 'REC', '2025-06-22 08:30:00', '2025-06-22 11:00:00', 1059.99, 150, 7, 2, 'Concluído'),
(53, 'VCA0000053', 'GIG', 'SSA', '2025-06-23 07:45:00', '2025-06-23 09:30:00', 823.80, 105, 3, 1, 'Cancelado'),
(54, 'VCA0000054', 'CNF', 'MAO', '2025-06-24 18:00:00', '2025-06-24 21:15:00', 1420.35, 195, 10, 9, 'Programado'),
(55, 'VCA0000055', 'REC', 'CWB', '2025-06-25 11:00:00', '2025-06-25 13:15:00', 763.27, 135, 8, 5, 'Pendente'),
(56, 'VCA0000056', 'FOR', 'GRU', '2025-06-26 20:45:00', '2025-06-26 23:15:00', 1299.99, 150, 1, 4, 'Atrasado'),
(57, 'VCA0000057', 'SSA', 'BSB', '2025-06-27 06:30:00', '2025-06-27 08:45:00', 452.73, 135, 9, 7, 'Em andamento'),
(58, 'VCA0000058', 'MAO', 'GIG', '2025-06-28 15:00:00', '2025-06-28 18:30:00', 1689.20, 210, 6, 10, 'Cancelado'),
(59, 'VCA0000059', 'GRU', 'CNF', '2025-06-29 10:15:00', '2025-06-29 12:00:00', 375.65, 105, 2, 6, 'Em andamento'),
(60, 'VCA0000060', 'BSB', 'REC', '2025-06-30 12:45:00', '2025-06-30 15:30:00', 1223.88, 165, 5, 3, 'Concluído'),
(61, 'VCA0000061', 'CWB', 'POA', '2025-07-01 17:30:00', '2025-07-01 19:00:00', 598.45, 90, 7, 1, 'Pendente'),
(62, 'VCA0000062', 'FOR', 'GIG', '2025-07-02 08:00:00', '2025-07-02 10:30:00', 867.20, 150, 4, 9, 'Cancelado'),
(63, 'VCA0000063', 'GIG', 'MAO', '2025-07-03 15:15:00', '2025-07-03 18:45:00', 1489.90, 210, 8, 2, 'Programado'),
(64, 'VCA0000064', 'SSA', 'GRU', '2025-07-04 20:00:00', '2025-07-04 22:30:00', 1259.55, 150, 3, 8, 'Atrasado'),
(65, 'VCA0000065', 'POA', 'CNF', '2025-07-05 06:45:00', '2025-07-05 08:30:00', 512.12, 105, 10, 5, 'Em andamento'),
(66, 'VCA0000066', 'REC', 'BSB', '2025-07-06 12:00:00', '2025-07-06 14:30:00', 789.90, 150, 1, 4, 'Concluído'),
(67, 'VCA0000067', 'CNF', 'FOR', '2025-07-07 19:30:00', '2025-07-07 22:00:00', 975.40, 150, 5, 7, 'Pendente'),
(68, 'VCA0000068', 'MAO', 'REC', '2025-07-08 10:45:00', '2025-07-08 13:45:00', 1169.32, 180, 9, 6, 'Atrasado'),
(69, 'VCA0000069', 'GRU', 'POA', '2025-07-09 16:00:00', '2025-07-09 17:30:00', 490.40, 90, 2, 3, 'Em andamento'),
(70, 'VCA0000070', 'BSB', 'SSA', '2025-07-10 13:00:00', '2025-07-10 15:15:00', 823.75, 135, 6, 10, 'Programado'),
(71, 'VCA0000071', 'CWB', 'GIG', '2025-07-11 07:30:00', '2025-07-11 09:30:00', 689.12, 120, 7, 2, 'Concluído'),
(72, 'VCA0000072', 'FOR', 'MAO', '2025-07-12 15:30:00', '2025-07-12 18:30:00', 1105.67, 180, 4, 8, 'Pendente'),
(73, 'VCA0000073', 'GIG', 'CNF', '2025-07-13 18:15:00', '2025-07-13 20:00:00', 549.99, 105, 3, 1, 'Cancelado'),
(74, 'VCA0000074', 'SSA', 'REC', '2025-07-14 09:45:00', '2025-07-14 11:30:00', 615.45, 105, 8, 9, 'Atrasado'),
(75, 'VCA0000075', 'POA', 'FOR', '2025-07-15 21:30:00', '2025-07-15 23:45:00', 728.89, 135, 10, 5, 'Em andamento'),
(76, 'VCA0000076', 'REC', 'GRU', '2025-07-16 11:15:00', '2025-07-16 13:45:00', 932.78, 150, 1, 4, 'Concluído'),
(77, 'VCA0000077', 'CNF', 'BSB', '2025-07-17 19:00:00', '2025-07-17 20:30:00', 415.34, 90, 5, 3, 'Programado'),
(78, 'VCA0000078', 'MAO', 'CWB', '2025-07-18 06:30:00', '2025-07-18 09:30:00', 1175.90, 180, 9, 7, 'Em andamento'),
(79, 'VCA0000079', 'GRU', 'FOR', '2025-07-19 10:00:00', '2025-07-19 12:30:00', 870.60, 150, 2, 6, 'Atrasado'),
(80, 'VCA0000080', 'BSB', 'GIG', '2025-07-20 13:30:00', '2025-07-20 15:45:00', 745.28, 135, 6, 10, 'Cancelado'),
(81, 'VCA0000081', 'CWB', 'MAO', '2025-07-21 16:45:00', '2025-07-21 19:45:00', 1005.12, 180, 7, 2, 'Concluído'),
(82, 'VCA0000082', 'FOR', 'SSA', '2025-07-22 08:30:00', '2025-07-22 10:30:00', 689.40, 120, 4, 9, 'Em andamento'),
(83, 'VCA0000083', 'GIG', 'REC', '2025-07-23 20:15:00', '2025-07-23 22:30:00', 855.65, 135, 3, 5, 'Pendente'),
(84, 'VCA0000084', 'SSA', 'CNF', '2025-07-24 09:00:00', '2025-07-24 10:45:00', 475.55, 105, 8, 1, 'Atrasado'),
(85, 'VCA0000085', 'POA', 'GRU', '2025-07-25 14:00:00', '2025-07-25 16:00:00', 623.33, 120, 10, 4, 'Programado'),
(86, 'VCA0000086', 'REC', 'BSB', '2025-07-26 17:30:00', '2025-07-26 19:45:00', 815.44, 135, 1, 7, 'Em andamento'),
(87, 'VCA0000087', 'CNF', 'GIG', '2025-07-27 07:15:00', '2025-07-27 09:00:00', 562.78, 105, 5, 6, 'Concluído'),
(88, 'VCA0000088', 'MAO', 'FOR', '2025-07-28 12:45:00', '2025-07-28 15:45:00', 1085.55, 180, 9, 3, 'Pendente'),
(89, 'VCA0000089', 'GRU', 'CWB', '2025-07-29 18:30:00', '2025-07-29 20:00:00', 435.90, 90, 2, 10, 'Atrasado'),
(90, 'VCA0000090', 'BSB', 'POA', '2025-07-30 08:15:00', '2025-07-30 10:45:00', 740.22, 150, 6, 8, 'Programado'),
(91, 'VCA0000091', 'CWB', 'SSA', '2025-07-31 13:00:00', '2025-07-31 14:45:00', 518.60, 105, 7, 2, 'Concluído'),
(92, 'VCA0000092', 'FOR', 'CNF', '2025-08-01 06:45:00', '2025-08-01 08:45:00', 610.34, 120, 4, 5, 'Atrasado'),
(93, 'VCA0000093', 'GIG', 'POA', '2025-08-02 20:30:00', '2025-08-02 22:45:00', 950.12, 135, 3, 9, 'Cancelado'),
(94, 'VCA0000094', 'SSA', 'REC', '2025-08-03 17:00:00', '2025-08-03 19:15:00', 715.20, 135, 8, 6, 'Em andamento'),
(95, 'VCA0000095', 'POA', 'BSB', '2025-08-04 09:15:00', '2025-08-04 11:30:00', 780.66, 135, 10, 1, 'Concluído'),
(96, 'VCA0000096', 'REC', 'GIG', '2025-08-05 19:30:00', '2025-08-05 21:45:00', 850.77, 135, 1, 4, 'Pendente'),
(97, 'VCA0000097', 'CNF', 'FOR', '2025-08-06 12:30:00', '2025-08-06 15:00:00', 970.89, 150, 5, 3, 'Cancelado'),
(98, 'VCA0000098', 'MAO', 'BSB', '2025-08-07 10:15:00', '2025-08-07 13:30:00', 1172.45, 195, 9, 7, 'Programado'),
(99, 'VCA0000099', 'GRU', 'REC', '2025-08-08 16:45:00', '2025-08-08 19:00:00', 897.34, 135, 2, 10, 'Em andamento'),
(100, 'VCA0000100', 'BSB', 'GRU', '2025-08-09 08:00:00', '2025-08-09 10:30:00', 680.12, 150, 6, 8, 'Concluído'),
(101, 'VCA0000101', 'GRU', 'BSB', '2025-08-10 08:00:00', '2025-08-10 10:00:00', 890.25, 120, 4, 2, 'Programado'),
(102, 'VCA0000102', 'GIG', 'SSA', '2025-08-10 11:00:00', '2025-08-10 13:30:00', 1250.75, 150, 3, 8, 'Concluído'),
(103, 'VCA0000103', 'CWB', 'REC', '2025-08-10 14:00:00', '2025-08-10 17:00:00', 735.99, 180, 5, 1, 'Atrasado'),
(104, 'VCA0000104', 'POA', 'FOR', '2025-08-10 18:00:00', '2025-08-10 21:00:00', 980.50, 180, 7, 5, 'Programado'),
(105, 'VCA0000105', 'MAO', 'GIG', '2025-08-10 22:00:00', '2025-08-11 02:00:00', 1150.00, 240, 2, 9, 'Cancelado'),
(106, 'VCA0000106', 'GRU', 'CWB', '2025-08-11 06:00:00', '2025-08-11 07:15:00', 390.65, 75, 8, 6, 'Em andamento'),
(107, 'VCA0000107', 'SSA', 'BSB', '2025-08-11 08:00:00', '2025-08-11 10:30:00', 820.35, 150, 1, 7, 'Programado'),
(108, 'VCA0000108', 'GIG', 'FOR', '2025-08-11 11:00:00', '2025-08-11 14:30:00', 1230.00, 210, 6, 4, 'Concluído'),
(109, 'VCA0000109', 'CNF', 'MAO', '2025-08-11 15:00:00', '2025-08-11 18:30:00', 1015.49, 210, 9, 3, 'Pendente'),
(110, 'VCA0000110', 'REC', 'GRU', '2025-08-11 19:00:00', '2025-08-11 22:00:00', 870.89, 180, 5, 10, 'Programado'),
(111, 'VCA0000111', 'FLN', 'BSB', '2025-08-12 08:00:00', '2025-08-12 10:00:00', 610.10, 120, 3, 6, 'Atrasado'),
(112, 'VCA0000112', 'POA', 'SSA', '2025-08-12 11:00:00', '2025-08-12 13:00:00', 590.99, 120, 4, 7, 'Programado'),
(113, 'VCA0000113', 'GRU', 'GIG', '2025-08-12 14:00:00', '2025-08-12 15:00:00', 410.34, 60, 7, 2, 'Concluído'),
(114, 'VCA0000114', 'SSA', 'FOR', '2025-08-12 16:00:00', '2025-08-12 17:45:00', 679.50, 105, 2, 8, 'Cancelado'),
(115, 'VCA0000115', 'CWB', 'REC', '2025-08-12 18:00:00', '2025-08-12 21:00:00', 870.45, 180, 8, 1, 'Em andamento'),
(116, 'VCA0000116', 'BSB', 'CNF', '2025-08-13 07:00:00', '2025-08-13 08:00:00', 320.75, 60, 6, 5, 'Atrasado'),
(117, 'VCA0000117', 'GRU', 'REC', '2025-08-13 09:00:00', '2025-08-13 12:30:00', 1120.80, 210, 1, 10, 'Concluído'),
(118, 'VCA0000118', 'GIG', 'MAO', '2025-08-13 13:00:00', '2025-08-13 17:30:00', 1450.99, 270, 9, 7, 'Programado'),
(119, 'VCA0000119', 'POA', 'GRU', '2025-08-13 18:00:00', '2025-08-13 20:30:00', 720.00, 150, 3, 9, 'Em andamento'),
(120, 'VCA0000120', 'FLN', 'FOR', '2025-08-13 21:00:00', '2025-08-14 00:30:00', 930.55, 210, 5, 4, 'Cancelado'),
(121, 'VCA0000121', 'SSA', 'BSB', '2025-08-14 08:00:00', '2025-08-14 10:30:00', 880.00, 150, 7, 3, 'Programado'),
(122, 'VCA0000122', 'CNF', 'GIG', '2025-08-14 11:00:00', '2025-08-14 13:00:00', 600.75, 120, 4, 5, 'Concluído'),
(123, 'VCA0000123', 'BSB', 'POA', '2025-08-14 14:00:00', '2025-08-14 16:30:00', 810.90, 150, 2, 8, 'Pendente'),
(124, 'VCA0000124', 'FOR', 'GRU', '2025-08-14 17:00:00', '2025-08-14 20:00:00', 1000.45, 180, 8, 1, 'Programado'),
(125, 'VCA0000125', 'MAO', 'CWB', '2025-08-14 21:00:00', '2025-08-15 01:00:00', 1400.10, 240, 6, 10, 'Atrasado'),
(126, 'VCA0000126', 'GIG', 'SSA', '2025-08-15 06:00:00', '2025-08-15 08:30:00', 780.65, 150, 5, 7, 'Programado'),
(127, 'VCA0000127', 'REC', 'GRU', '2025-08-15 09:00:00', '2025-08-15 12:00:00', 850.30, 180, 9, 6, 'Cancelado'),
(128, 'VCA0000128', 'BSB', 'FLN', '2025-08-15 13:00:00', '2025-08-15 15:00:00', 500.75, 120, 7, 2, 'Concluído'),
(129, 'VCA0000129', 'CWB', 'MAO', '2025-08-15 16:00:00', '2025-08-15 20:00:00', 1350.99, 240, 3, 4, 'Em andamento'),
(130, 'VCA0000130', 'GRU', 'REC', '2025-08-15 21:00:00', '2025-08-16 00:00:00', 920.00, 180, 1, 9, 'Programado'),
(131, 'VCA0000131', 'GIG', 'POA', '2025-08-16 07:00:00', '2025-08-16 09:30:00', 680.40, 150, 8, 5, 'Atrasado'),
(132, 'VCA0000132', 'SSA', 'FLN', '2025-08-16 10:00:00', '2025-08-16 12:30:00', 730.80, 150, 6, 7, 'Programado'),
(133, 'VCA0000133', 'REC', 'BSB', '2025-08-16 13:00:00', '2025-08-16 16:00:00', 980.90, 180, 2, 10, 'Concluído'),
(134, 'VCA0000134', 'FLN', 'GIG', '2025-08-16 17:00:00', '2025-08-16 19:00:00', 570.25, 120, 5, 8, 'Cancelado'),
(135, 'VCA0000135', 'BSB', 'FOR', '2025-08-16 20:00:00', '2025-08-16 22:30:00', 820.70, 150, 9, 1, 'Em andamento'),
(136, 'VCA0000136', 'FOR', 'SSA', '2025-08-17 06:00:00', '2025-08-17 08:00:00', 620.99, 120, 3, 6, 'Pendente'),
(137, 'VCA0000137', 'CWB', 'CNF', '2025-08-17 09:00:00', '2025-08-17 10:30:00', 430.89, 90, 4, 2, 'Programado'),
(138, 'VCA0000138', 'MAO', 'BSB', '2025-08-17 11:00:00', '2025-08-17 14:00:00', 950.00, 180, 7, 4, 'Concluído'),
(139, 'VCA0000139', 'POA', 'SSA', '2025-08-17 15:00:00', '2025-08-17 17:30:00', 790.20, 150, 1, 5, 'Em andamento'),
(140, 'VCA0000140', 'GRU', 'CWB', '2025-08-17 18:00:00', '2025-08-17 19:00:00', 400.00, 60, 8, 3, 'Atrasado'),
(141, 'VCA0000141', 'REC', 'POA', '2025-08-18 07:00:00', '2025-08-18 10:00:00', 920.40, 180, 6, 9, 'Programado'),
(142, 'VCA0000142', 'GIG', 'FOR', '2025-08-18 11:00:00', '2025-08-18 13:30:00', 750.80, 150, 5, 7, 'Concluído'),
(143, 'VCA0000143', 'CNF', 'GRU', '2025-08-18 14:00:00', '2025-08-18 15:00:00', 320.10, 60, 2, 8, 'Programado'),
(144, 'VCA0000144', 'SSA', 'BSB', '2025-08-18 16:00:00', '2025-08-18 18:30:00', 860.75, 150, 3, 6, 'Cancelado'),
(145, 'VCA0000145', 'BSB', 'FLN', '2025-08-18 19:00:00', '2025-08-18 21:00:00', 700.65, 120, 9, 10, 'Pendente'),
(146, 'VCA0000146', 'FLN', 'REC', '2025-08-19 06:00:00', '2025-08-19 08:30:00', 670.40, 150, 4, 1, 'Programado'),
(147, 'VCA0000147', 'GIG', 'SSA', '2025-08-19 09:00:00', '2025-08-19 11:00:00', 590.99, 120, 1, 2, 'Atrasado'),
(148, 'VCA0000148', 'CWB', 'FOR', '2025-08-19 12:00:00', '2025-08-19 14:30:00', 810.90, 150, 7, 5, 'Em andamento'),
(149, 'VCA0000149', 'MAO', 'CNF', '2025-08-19 15:00:00', '2025-08-19 18:00:00', 930.25, 180, 8, 3, 'Concluído'),
(150, 'VCA0000150', 'REC', 'GRU', '2025-08-19 19:00:00', '2025-08-19 22:00:00', 870.80, 180, 6, 9, 'Programado'),
(151, 'VCA0000151', 'GRU', 'SDU', '2025-08-20 06:00:00', '2025-08-20 07:10:00', 450.00, 70, 3, 6, 'Programado'),
(152, 'VCA0000152', 'SDU', 'CNF', '2025-08-20 08:00:00', '2025-08-20 09:30:00', 400.00, 90, 4, 7, 'Em andamento'),
(153, 'VCA0000153', 'CNF', 'SSA', '2025-08-20 10:30:00', '2025-08-20 12:10:00', 380.00, 100, 5, 8, 'Concluído'),
(154, 'VCA0000154', 'SSA', 'BSB', '2025-08-20 13:00:00', '2025-08-20 15:20:00', 520.00, 140, 6, 9, 'Cancelado'),
(155, 'VCA0000155', 'BSB', 'GIG', '2025-08-20 16:00:00', '2025-08-20 18:00:00', 480.00, 120, 1, 6, 'Atrasado'),
(156, 'VCA0000156', 'GIG', 'POA', '2025-08-20 19:00:00', '2025-08-20 22:10:00', 670.00, 190, 2, 7, 'Pendente'),
(157, 'VCA0000157', 'POA', 'REC', '2025-08-21 06:00:00', '2025-08-21 10:00:00', 750.00, 240, 3, 8, 'Programado'),
(158, 'VCA0000158', 'REC', 'MAO', '2025-08-21 11:00:00', '2025-08-21 15:30:00', 820.00, 270, 4, 9, 'Em andamento'),
(159, 'VCA0000159', 'MAO', 'BEL', '2025-08-21 17:00:00', '2025-08-21 21:20:00', 800.00, 260, 5, 6, 'Concluído'),
(160, 'VCA0000160', 'BEL', 'FOR', '2025-08-22 07:00:00', '2025-08-22 09:20:00', 420.00, 140, 6, 7, 'Cancelado'),
(161, 'VCA0000161', 'FOR', 'GRU', '2025-08-22 10:00:00', '2025-08-22 13:10:00', 900.00, 190, 1, 8, 'Atrasado'),
(162, 'VCA0000162', 'GRU', 'REC', '2025-08-22 14:00:00', '2025-08-22 17:00:00', 870.00, 180, 2, 9, 'Pendente'),
(163, 'VCA0000163', 'REC', 'GIG', '2025-08-22 18:00:00', '2025-08-22 21:00:00', 480.00, 180, 3, 6, 'Programado'),
(164, 'VCA0000164', 'GIG', 'CNF', '2025-08-23 06:00:00', '2025-08-23 07:40:00', 420.00, 100, 4, 7, 'Em andamento'),
(165, 'VCA0000165', 'CNF', 'SDU', '2025-08-23 08:30:00', '2025-08-23 09:30:00', 380.00, 60, 5, 8, 'Concluído'),
(166, 'VCA0000166', 'SDU', 'SSA', '2025-08-23 11:00:00', '2025-08-23 13:10:00', 560.00, 130, 6, 9, 'Cancelado'),
(167, 'VCA0000167', 'SSA', 'GRU', '2025-08-23 14:00:00', '2025-08-23 16:30:00', 580.00, 150, 1, 6, 'Atrasado'),
(168, 'VCA0000168', 'GRU', 'MAO', '2025-08-24 06:00:00', '2025-08-24 10:00:00', 870.00, 240, 2, 7, 'Pendente'),
(169, 'VCA0000169', 'MAO', 'BSB', '2025-08-24 11:00:00', '2025-08-24 15:00:00', 810.00, 240, 3, 8, 'Programado'),
(170, 'VCA0000170', 'BSB', 'FOR', '2025-08-24 16:00:00', '2025-08-24 18:40:00', 600.00, 160, 4, 9, 'Em andamento'),
(171, 'VCA0000171', 'FOR', 'POA', '2025-08-24 19:30:00', '2025-08-24 23:50:00', 940.00, 260, 5, 6, 'Concluído'),
(172, 'VCA0000172', 'POA', 'REC', '2025-08-25 07:00:00', '2025-08-25 10:30:00', 710.00, 210, 6, 7, 'Cancelado'),
(173, 'VCA0000173', 'REC', 'MAO', '2025-08-25 12:00:00', '2025-08-25 16:00:00', 870.00, 240, 1, 8, 'Atrasado'),
(174, 'VCA0000174', 'MAO', 'GRU', '2025-08-25 17:00:00', '2025-08-25 21:00:00', 910.00, 240, 2, 9, 'Pendente'),
(175, 'VCA0000175', 'GRU', 'GIG', '2025-08-26 06:00:00', '2025-08-26 07:00:00', 350.00, 60, 3, 6, 'Programado'),
(176, 'VCA0000176', 'GIG', 'SSA', '2025-08-26 08:00:00', '2025-08-26 10:30:00', 560.00, 150, 4, 7, 'Em andamento'),
(177, 'VCA0000177', 'SSA', 'BSB', '2025-08-26 12:00:00', '2025-08-26 14:00:00', 520.00, 120, 5, 8, 'Concluído'),
(178, 'VCA0000178', 'BSB', 'CNF', '2025-08-26 15:00:00', '2025-08-26 16:30:00', 380.00, 90, 6, 9, 'Cancelado'),
(179, 'VCA0000179', 'CNF', 'REC', '2025-08-26 18:00:00', '2025-08-26 20:30:00', 500.00, 150, 1, 6, 'Atrasado'),
(180, 'VCA0000180', 'REC', 'FOR', '2025-08-27 07:00:00', '2025-08-27 09:00:00', 410.00, 120, 2, 7, 'Pendente'),
(181, 'VCA0000181', 'FOR', 'MAO', '2025-08-27 10:00:00', '2025-08-27 14:00:00', 820.00, 240, 3, 8, 'Programado'),
(182, 'VCA0000182', 'MAO', 'POA', '2025-08-27 15:00:00', '2025-08-27 19:00:00', 890.00, 240, 4, 9, 'Em andamento'),
(183, 'VCA0000183', 'POA', 'BSB', '2025-08-27 20:00:00', '2025-08-28 00:00:00', 770.00, 240, 5, 6, 'Concluído'),
(184, 'VCA0000184', 'BSB', 'GRU', '2025-08-28 06:00:00', '2025-08-28 08:00:00', 540.00, 120, 6, 7, 'Cancelado'),
(185, 'VCA0000185', 'GRU', 'FOR', '2025-08-28 09:00:00', '2025-08-28 11:30:00', 600.00, 150, 1, 8, 'Atrasado'),
(186, 'VCA0000186', 'FOR', 'GIG', '2025-08-28 13:00:00', '2025-08-28 15:00:00', 560.00, 120, 2, 9, 'Pendente'),
(187, 'VCA0000187', 'GIG', 'CNF', '2025-08-28 16:00:00', '2025-08-28 17:30:00', 390.00, 90, 3, 6, 'Programado'),
(188, 'VCA0000188', 'CNF', 'REC', '2025-08-28 18:30:00', '2025-08-28 21:00:00', 480.00, 150, 4, 7, 'Em andamento'),
(189, 'VCA0000189', 'REC', 'MAO', '2025-08-29 06:00:00', '2025-08-29 10:00:00', 800.00, 240, 5, 8, 'Concluído'),
(190, 'VCA0000190', 'MAO', 'SDU', '2025-08-29 11:00:00', '2025-08-29 15:00:00', 870.00, 240, 6, 9, 'Cancelado'),
(191, 'VCA0000191', 'SDU', 'BSB', '2025-08-29 16:00:00', '2025-08-29 18:00:00', 540.00, 120, 1, 6, 'Atrasado'),
(192, 'VCA0000192', 'BSB', 'SSA', '2025-08-30 06:00:00', '2025-08-30 08:00:00', 560.00, 120, 2, 7, 'Pendente'),
(193, 'VCA0000193', 'SSA', 'GRU', '2025-08-30 09:00:00', '2025-08-30 11:30:00', 590.00, 150, 3, 8, 'Programado'),
(194, 'VCA0000194', 'GRU', 'CNF', '2025-08-30 13:00:00', '2025-08-30 14:30:00', 400.00, 90, 4, 9, 'Em andamento'),
(195, 'VCA0000195', 'CNF', 'POA', '2025-08-30 16:00:00', '2025-08-30 18:40:00', 650.00, 160, 5, 6, 'Concluído'),
(196, 'VCA0000196', 'POA', 'REC', '2025-08-30 19:30:00', '2025-08-30 22:30:00', 720.00, 180, 6, 7, 'Cancelado'),
(197, 'VCA0000197', 'REC', 'GIG', '2025-08-31 06:00:00', '2025-08-31 09:00:00', 520.00, 180, 1, 8, 'Atrasado'),
(198, 'VCA0000198', 'GIG', 'BSB', '2025-08-31 10:00:00', '2025-08-31 12:00:00', 500.00, 120, 2, 9, 'Pendente'),
(199, 'VCA0000199', 'BSB', 'FOR', '2025-08-31 13:00:00', '2025-08-31 15:30:00', 610.00, 150, 3, 6, 'Programado'),
(200, 'VCA0000200', 'FOR', 'MAO', '2025-08-31 17:00:00', '2025-08-31 21:00:00', 890.00, 240, 4, 7, 'Em andamento'),
(201, 'VCA0000201', 'GRU', 'SDU', '2025-09-01 06:00:00', '2025-09-01 07:30:00', 432.50, 90, 1, 6, 'Programado'),
(202, 'VCA0000202', 'SDU', 'CNF', '2025-09-01 08:00:00', '2025-09-01 09:40:00', 395.75, 100, 2, 7, 'Em andamento'),
(203, 'VCA0000203', 'CNF', 'SSA', '2025-09-01 10:30:00', '2025-09-01 12:10:00', 380.25, 100, 3, 8, 'Concluído'),
(204, 'VCA0000204', 'SSA', 'BSB', '2025-09-01 13:00:00', '2025-09-01 15:00:00', 526.80, 120, 4, 9, 'Cancelado'),
(205, 'VCA0000205', 'BSB', 'GIG', '2025-09-01 16:00:00', '2025-09-01 18:30:00', 485.50, 150, 5, 6, 'Atrasado'),
(206, 'VCA0000206', 'GIG', 'POA', '2025-09-01 19:00:00', '2025-09-01 22:00:00', 672.40, 180, 6, 7, 'Pendente'),
(207, 'VCA0000207', 'POA', 'REC', '2025-09-02 06:00:00', '2025-09-02 09:20:00', 734.65, 200, 1, 8, 'Programado'),
(208, 'VCA0000208', 'REC', 'MAO', '2025-09-02 10:00:00', '2025-09-02 14:30:00', 810.25, 250, 2, 9, 'Em andamento'),
(209, 'VCA0000209', 'MAO', 'BEL', '2025-09-02 16:00:00', '2025-09-02 20:20:00', 799.95, 260, 3, 6, 'Concluído'),
(210, 'VCA0000210', 'BEL', 'FOR', '2025-09-02 21:00:00', '2025-09-02 23:10:00', 456.50, 130, 4, 7, 'Cancelado'),
(211, 'VCA0000211', 'FOR', 'GRU', '2025-09-03 06:30:00', '2025-09-03 09:00:00', 563.20, 150, 5, 8, 'Atrasado'),
(212, 'VCA0000212', 'GRU', 'REC', '2025-09-03 10:00:00', '2025-09-03 12:30:00', 470.30, 150, 6, 9, 'Pendente'),
(213, 'VCA0000213', 'REC', 'GIG', '2025-09-03 14:00:00', '2025-09-03 16:00:00', 420.75, 120, 1, 6, 'Programado'),
(214, 'VCA0000214', 'GIG', 'CNF', '2025-09-03 17:00:00', '2025-09-03 18:30:00', 395.60, 90, 2, 7, 'Em andamento'),
(215, 'VCA0000215', 'CNF', 'SDU', '2025-09-03 19:00:00', '2025-09-03 20:10:00', 383.20, 70, 3, 8, 'Concluído'),
(216, 'VCA0000216', 'SDU', 'SSA', '2025-09-03 21:30:00', '2025-09-03 23:40:00', 499.99, 130, 4, 9, 'Cancelado'),
(217, 'VCA0000217', 'SSA', 'GRU', '2025-09-04 06:00:00', '2025-09-04 08:10:00', 513.60, 130, 5, 6, 'Atrasado'),
(218, 'VCA0000218', 'GRU', 'MAO', '2025-09-04 09:00:00', '2025-09-04 13:20:00', 840.75, 200, 6, 7, 'Pendente'),
(219, 'VCA0000219', 'MAO', 'BSB', '2025-09-04 14:00:00', '2025-09-04 17:00:00', 781.10, 180, 1, 8, 'Programado'),
(220, 'VCA0000220', 'BSB', 'FOR', '2025-09-04 18:00:00', '2025-09-04 19:40:00', 432.40, 100, 2, 9, 'Em andamento'),
(221, 'VCA0000221', 'FOR', 'POA', '2025-09-04 20:00:00', '2025-09-04 23:00:00', 648.55, 180, 3, 6, 'Concluído'),
(222, 'VCA0000222', 'POA', 'REC', '2025-09-05 06:00:00', '2025-09-05 10:30:00', 704.45, 210, 4, 7, 'Cancelado'),
(223, 'VCA0000223', 'REC', 'MAO', '2025-09-05 11:00:00', '2025-09-05 15:00:00', 820.60, 240, 5, 8, 'Atrasado'),
(224, 'VCA0000224', 'MAO', 'GRU', '2025-09-05 16:00:00', '2025-09-05 20:00:00', 950.90, 240, 6, 9, 'Pendente'),
(225, 'VCA0000225', 'GRU', 'GIG', '2025-09-05 21:00:00', '2025-09-05 23:00:00', 543.40, 120, 1, 6, 'Programado'),
(226, 'VCA0000226', 'GIG', 'SSA', '2025-09-06 06:00:00', '2025-09-06 08:00:00', 518.80, 120, 2, 7, 'Em andamento'),
(227, 'VCA0000227', 'SSA', 'BSB', '2025-09-06 09:00:00', '2025-09-06 11:10:00', 486.50, 130, 3, 8, 'Concluído'),
(228, 'VCA0000228', 'BSB', 'CNF', '2025-09-06 12:00:00', '2025-09-06 13:40:00', 421.30, 100, 4, 9, 'Cancelado'),
(229, 'VCA0000229', 'CNF', 'REC', '2025-09-06 14:30:00', '2025-09-06 16:40:00', 485.15, 130, 5, 6, 'Atrasado'),
(230, 'VCA0000230', 'REC', 'FOR', '2025-09-06 17:00:00', '2025-09-06 19:00:00', 534.50, 120, 6, 7, 'Pendente'),
(231, 'VCA0000231', 'FOR', 'MAO', '2025-09-07 06:00:00', '2025-09-07 09:30:00', 610.25, 180, 1, 8, 'Programado'),
(232, 'VCA0000232', 'MAO', 'GIG', '2025-09-07 10:00:00', '2025-09-07 13:00:00', 587.90, 180, 2, 9, 'Em andamento'),
(233, 'VCA0000233', 'GIG', 'SDU', '2025-09-07 14:00:00', '2025-09-07 16:00:00', 421.60, 120, 3, 6, 'Concluído'),
(234, 'VCA0000234', 'SDU', 'GRU', '2025-09-07 17:00:00', '2025-09-07 19:10:00', 459.85, 130, 4, 7, 'Cancelado'),
(235, 'VCA0000235', 'GRU', 'CNF', '2025-09-07 20:00:00', '2025-09-07 22:30:00', 487.40, 150, 5, 8, 'Atrasado'),
(236, 'VCA0000236', 'CNF', 'GIG', '2025-09-07 23:00:00', '2025-09-08 01:30:00', 517.90, 180, 6, 9, 'Pendente'),
(237, 'VCA0000237', 'GIG', 'SSA', '2025-09-08 06:00:00', '2025-09-08 08:00:00', 503.25, 120, 1, 6, 'Programado'),
(238, 'VCA0000238', 'SSA', 'REC', '2025-09-08 09:00:00', '2025-09-08 11:30:00', 442.35, 150, 2, 7, 'Em andamento'),
(239, 'VCA0000239', 'REC', 'BSB', '2025-09-08 12:00:00', '2025-09-08 14:30:00', 471.70, 120, 3, 8, 'Concluído'),
(240, 'VCA0000240', 'BSB', 'FOR', '2025-09-08 15:00:00', '2025-09-08 17:30:00', 550.10, 150, 4, 9, 'Cancelado'),
(241, 'VCA0000241', 'GRU', 'SDU', '2025-09-09 06:00:00', '2025-09-09 07:00:00', 457.50, 60, 1, 6, 'Programado'),
(242, 'VCA0000242', 'SDU', 'CNF', '2025-09-09 08:30:00', '2025-09-09 10:00:00', 420.25, 90, 2, 7, 'Em andamento'),
(243, 'VCA0000243', 'CNF', 'SSA', '2025-09-09 11:30:00', '2025-09-09 13:00:00', 389.50, 90, 3, 8, 'Concluído'),
(244, 'VCA0000244', 'SSA', 'BSB', '2025-09-09 14:00:00', '2025-09-09 16:00:00', 470.75, 120, 4, 9, 'Cancelado'),
(245, 'VCA0000245', 'BSB', 'GIG', '2025-09-09 17:00:00', '2025-09-09 19:30:00', 533.20, 150, 5, 6, 'Atrasado'),
(246, 'VCA0000246', 'GIG', 'POA', '2025-09-09 20:00:00', '2025-09-09 23:00:00', 615.35, 180, 6, 7, 'Pendente'),
(247, 'VCA0000247', 'POA', 'REC', '2025-09-10 06:30:00', '2025-09-10 09:30:00', 670.85, 180, 1, 8, 'Programado'),
(248, 'VCA0000248', 'REC', 'MAO', '2025-09-10 10:00:00', '2025-09-10 14:00:00', 752.15, 240, 2, 9, 'Em andamento'),
(249, 'VCA0000249', 'MAO', 'BEL', '2025-09-10 15:00:00', '2025-09-10 19:00:00', 798.95, 240, 3, 6, 'Concluído'),
(250, 'VCA0000250', 'BEL', 'FOR', '2025-09-10 20:00:00', '2025-09-10 22:00:00', 527.75, 120, 4, 7, 'Cancelado'),
(251, 'VCA0000251', 'FOR', 'GRU', '2025-09-11 06:00:00', '2025-09-11 08:00:00', 492.90, 120, 5, 8, 'Atrasado'),
(252, 'VCA0000252', 'GRU', 'REC', '2025-09-11 09:00:00', '2025-09-11 11:30:00', 472.25, 150, 6, 9, 'Pendente'),
(253, 'VCA0000253', 'REC', 'GIG', '2025-09-11 12:30:00', '2025-09-11 14:30:00', 521.15, 120, 1, 6, 'Programado'),
(254, 'VCA0000254', 'GIG', 'CNF', '2025-09-11 15:30:00', '2025-09-11 17:00:00', 489.65, 90, 2, 7, 'Em andamento'),
(255, 'VCA0000255', 'CNF', 'SDU', '2025-09-11 18:00:00', '2025-09-11 19:30:00', 453.45, 90, 3, 8, 'Concluído'),
(256, 'VCA0000256', 'SDU', 'SSA', '2025-09-11 20:00:00', '2025-09-11 22:00:00', 483.25, 120, 4, 9, 'Cancelado'),
(257, 'VCA0000257', 'SSA', 'GRU', '2025-09-12 06:30:00', '2025-09-12 08:00:00', 491.70, 90, 5, 6, 'Atrasado'),
(258, 'VCA0000258', 'GRU', 'MAO', '2025-09-12 09:00:00', '2025-09-12 12:00:00', 621.40, 180, 6, 7, 'Pendente'),
(259, 'VCA0000259', 'MAO', 'BSB', '2025-09-12 13:00:00', '2025-09-12 15:30:00', 588.20, 150, 1, 8, 'Programado'),
(260, 'VCA0000260', 'BSB', 'FOR', '2025-09-12 16:00:00', '2025-09-12 18:00:00', 531.30, 120, 2, 9, 'Em andamento'),
(261, 'VCA0000261', 'FOR', 'POA', '2025-09-12 19:00:00', '2025-09-12 21:00:00', 590.40, 120, 3, 6, 'Concluído'),
(262, 'VCA0000262', 'POA', 'REC', '2025-09-13 06:00:00', '2025-09-13 09:00:00', 612.10, 180, 4, 7, 'Cancelado'),
(263, 'VCA0000263', 'REC', 'MAO', '2025-09-13 10:00:00', '2025-09-13 14:00:00', 735.25, 240, 5, 8, 'Atrasado'),
(264, 'VCA0000264', 'MAO', 'GRU', '2025-09-13 15:00:00', '2025-09-13 18:30:00', 825.90, 210, 6, 9, 'Pendente'),
(265, 'VCA0000265', 'GRU', 'GIG', '2025-09-13 19:00:00', '2025-09-13 21:00:00', 492.30, 120, 1, 6, 'Programado'),
(266, 'VCA0000266', 'GIG', 'SSA', '2025-09-13 22:00:00', '2025-09-13 23:30:00', 518.20, 90, 2, 7, 'Em andamento'),
(267, 'VCA0000267', 'SSA', 'BSB', '2025-09-14 06:00:00', '2025-09-14 08:00:00', 476.50, 120, 3, 8, 'Concluído'),
(268, 'VCA0000268', 'BSB', 'CNF', '2025-09-14 09:00:00', '2025-09-14 11:00:00', 445.90, 120, 4, 9, 'Cancelado'),
(269, 'VCA0000269', 'CNF', 'REC', '2025-09-14 12:00:00', '2025-09-14 14:00:00', 464.80, 120, 5, 6, 'Atrasado'),
(270, 'VCA0000270', 'REC', 'GRU', '2025-09-14 15:00:00', '2025-09-14 18:00:00', 495.20, 180, 6, 7, 'Pendente'), 
(271, 'VCA0000271', 'GRU', 'SDU', '2025-09-15 06:30:00', '2025-09-15 07:30:00', 449.10, 60, 1, 8, 'Programado'), 
(272, 'VCA0000272', 'SDU', 'GIG', '2025-09-15 08:30:00', '2025-09-15 09:30:00', 401.20, 60, 2, 9, 'Em andamento'), 
(273, 'VCA0000273', 'GIG', 'POA', '2025-09-15 10:00:00', '2025-09-15 13:00:00', 579.75, 180, 3, 6, 'Concluído'), 
(274, 'VCA0000274', 'POA', 'FOR', '2025-09-15 14:00:00', '2025-09-15 16:00:00', 530.45, 120, 4, 7, 'Cancelado'), 
(275, 'VCA0000275', 'FOR', 'BSB', '2025-09-15 17:00:00', '2025-09-15 19:00:00', 502.25, 120, 5, 8, 'Atrasado'), 
(276, 'VCA0000276', 'BSB', 'SSA', '2025-09-15 20:00:00', '2025-09-15 22:00:00', 493.80, 120, 6, 9, 'Pendente'), 
(277, 'VCA0000277', 'SSA', 'REC', '2025-09-16 06:00:00', '2025-09-16 08:00:00', 464.90, 120, 1, 6, 'Programado'), 
(278, 'VCA0000278', 'REC', 'MAO', '2025-09-16 09:00:00', '2025-09-16 13:00:00', 723.25, 240, 2, 7, 'Em andamento'), 
(279, 'VCA0000279', 'MAO', 'GIG', '2025-09-16 14:00:00', '2025-09-16 18:00:00', 798.40, 240, 3, 8, 'Concluído'), 
(280, 'VCA0000280', 'GIG', 'GRU', '2025-09-16 19:00:00', '2025-09-16 20:30:00', 415.60, 90, 4, 9, 'Cancelado'), 
(281, 'VCA0000281', 'GRU', 'CNF', '2025-09-17 06:00:00', '2025-09-17 08:00:00', 470.85, 120, 5, 6, 'Atrasado'), 
(282, 'VCA0000282', 'CNF', 'FOR', '2025-09-17 09:00:00', '2025-09-17 11:00:00', 495.75, 120, 6, 7, 'Pendente'), 
(283, 'VCA0000283', 'FOR', 'BSB', '2025-09-17 12:00:00', '2025-09-17 14:00:00', 485.40, 120, 1, 8, 'Programado'), 
(284, 'VCA0000284', 'BSB', 'SDU', '2025-09-17 15:00:00', '2025-09-17 17:00:00', 468.20, 120, 2, 9, 'Em andamento'), 
(285, 'VCA0000285', 'SDU', 'REC', '2025-09-17 18:00:00', '2025-09-17 20:30:00', 511.35, 150, 3, 6, 'Concluído'), 
(286, 'VCA0000286', 'REC', 'POA', '2025-09-18 06:00:00', '2025-09-18 09:00:00', 609.90, 180, 4, 7, 'Cancelado'), 
(287, 'VCA0000287', 'POA', 'MAO', '2025-09-18 10:00:00', '2025-09-18 14:00:00', 742.50, 240, 5, 8, 'Atrasado'), 
(288, 'VCA0000288', 'MAO', 'SSA', '2025-09-18 15:00:00', '2025-09-18 19:00:00', 769.75, 240, 6, 9, 'Pendente'), 
(289, 'VCA0000289', 'SSA', 'GIG', '2025-09-18 20:00:00', '2025-09-18 23:00:00', 523.40, 180, 1, 6, 'Programado'), 
(290, 'VCA0000290', 'GIG', 'GRU', '2025-09-19 06:30:00', '2025-09-19 07:30:00', 419.20, 60, 2, 7, 'Em andamento'),
(291, 'VCA0000291', 'GRU', 'BSB', '2025-09-19 09:00:00', '2025-09-19 11:00:00', 512.40, 120, 3, 8, 'Concluído'),
(292, 'VCA0000292', 'BSB', 'CNF', '2025-09-19 12:00:00', '2025-09-19 14:00:00', 478.30, 120, 4, 9, 'Cancelado'),
(293, 'VCA0000293', 'CNF', 'SDU', '2025-09-19 15:00:00', '2025-09-19 16:30:00', 405.00, 90, 5, 6, 'Atrasado'),
(294, 'VCA0000294', 'SDU', 'SSA', '2025-09-19 18:00:00', '2025-09-19 20:30:00', 522.75, 150, 6, 7, 'Pendente'),
(295, 'VCA0000295', 'SSA', 'REC', '2025-09-20 06:00:00', '2025-09-20 08:00:00', 485.25, 120, 1, 8, 'Programado'),
(296, 'VCA0000296', 'REC', 'MAO', '2025-09-20 09:00:00', '2025-09-20 13:00:00', 730.10, 240, 2, 9, 'Em andamento'),
(297, 'VCA0000297', 'MAO', 'POA', '2025-09-20 14:00:00', '2025-09-20 18:00:00', 799.95, 240, 3, 6, 'Concluído'),
(298, 'VCA0000298', 'POA', 'FOR', '2025-09-20 19:00:00', '2025-09-20 22:00:00', 560.80, 180, 4, 7, 'Cancelado'),
(299, 'VCA0000299', 'FOR', 'GRU', '2025-09-21 06:00:00', '2025-09-21 09:00:00', 495.00, 180, 5, 8, 'Atrasado'),
(300, 'VCA0000300', 'GRU', 'GIG', '2025-09-21 10:00:00', '2025-09-21 11:00:00', 410.55, 60, 6, 9, 'Pendente'),
(301, 'VCA0000301', 'GIG', 'BSB', '2025-09-21 12:00:00', '2025-09-21 14:00:00', 490.20, 120, 1, 6, 'Programado'),
(302, 'VCA0000302', 'BSB', 'FOR', '2025-09-21 15:00:00', '2025-09-21 17:00:00', 499.45, 120, 2, 7, 'Em andamento'),
(303, 'VCA0000303', 'FOR', 'CNF', '2025-09-21 18:00:00', '2025-09-21 20:00:00', 487.30, 120, 3, 8, 'Concluído'),
(304, 'VCA0000304', 'CNF', 'POA', '2025-09-22 06:00:00', '2025-09-22 09:00:00', 595.75, 180, 4, 9, 'Cancelado'),
(305, 'VCA0000305', 'POA', 'REC', '2025-09-22 10:00:00', '2025-09-22 13:00:00', 605.50, 180, 5, 6, 'Atrasado'),
(306, 'VCA0000306', 'REC', 'SSA', '2025-09-22 14:00:00', '2025-09-22 16:00:00', 470.10, 120, 6, 7, 'Pendente'),
(307, 'VCA0000307', 'SSA', 'SDU', '2025-09-22 17:00:00', '2025-09-22 19:00:00', 489.20, 120, 1, 8, 'Programado'),
(308, 'VCA0000308', 'SDU', 'GRU', '2025-09-22 20:00:00', '2025-09-22 21:00:00', 408.80, 60, 2, 9, 'Em andamento'),
(309, 'VCA0000309', 'GRU', 'MAO', '2025-09-23 06:00:00', '2025-09-23 10:00:00', 725.90, 240, 3, 6, 'Concluído'),
(310, 'VCA0000310', 'MAO', 'BSB', '2025-09-23 11:00:00', '2025-09-23 15:00:00', 750.50, 240, 4, 7, 'Cancelado'),
(311, 'VCA0000311', 'BSB', 'GIG', '2025-09-23 16:00:00', '2025-09-23 18:00:00', 480.60, 120, 5, 8, 'Atrasado'),
(312, 'VCA0000312', 'GIG', 'FOR', '2025-09-23 19:00:00', '2025-09-23 22:00:00', 550.40, 180, 6, 9, 'Pendente'),
(313, 'VCA0000313', 'FOR', 'GRU', '2025-09-24 06:00:00', '2025-09-24 09:00:00', 495.70, 180, 1, 6, 'Programado'),
(314, 'VCA0000314', 'GRU', 'REC', '2025-09-24 10:00:00', '2025-09-24 13:00:00', 620.00, 180, 2, 7, 'Em andamento'),
(315, 'VCA0000315', 'REC', 'POA', '2025-09-24 14:00:00', '2025-09-24 17:00:00', 599.40, 180, 3, 8, 'Concluído'),
(316, 'VCA0000316', 'POA', 'SSA', '2025-09-24 18:00:00', '2025-09-24 20:30:00', 480.90, 150, 4, 9, 'Cancelado'),
(317, 'VCA0000317', 'SSA', 'BSB', '2025-09-25 06:00:00', '2025-09-25 08:00:00', 495.30, 120, 5, 6, 'Atrasado'),
(318, 'VCA0000318', 'BSB', 'CNF', '2025-09-25 09:00:00', '2025-09-25 11:00:00', 470.20, 120, 6, 7, 'Pendente'),
(319, 'VCA0000319', 'CNF', 'GIG', '2025-09-25 12:00:00', '2025-09-25 14:00:00', 460.40, 120, 1, 8, 'Programado'),
(320, 'VCA0000320', 'GIG', 'REC', '2025-09-25 15:00:00', '2025-09-25 18:00:00', 625.70, 180, 2, 9, 'Em andamento'),
(321, 'VCA0000321', 'REC', 'SDU', '2025-09-25 19:00:00', '2025-09-25 21:30:00', 530.25, 150, 3, 6, 'Concluído'),
(322, 'VCA0000322', 'SDU', 'FOR', '2025-09-26 06:00:00', '2025-09-26 08:30:00', 489.85, 150, 4, 7, 'Cancelado'),
(323, 'VCA0000323', 'FOR', 'BSB', '2025-09-26 09:00:00', '2025-09-26 11:00:00', 480.00, 120, 5, 8, 'Atrasado'),
(324, 'VCA0000324', 'BSB', 'POA', '2025-09-26 12:00:00', '2025-09-26 15:00:00', 610.10, 180, 6, 9, 'Pendente'),
(325, 'VCA0000325', 'POA', 'GRU', '2025-09-26 16:00:00', '2025-09-26 19:00:00', 580.00, 180, 1, 6, 'Programado'),
(326, 'VCA0000326', 'GRU', 'SSA', '2025-09-27 06:00:00', '2025-09-27 08:00:00', 500.20, 120, 2, 7, 'Em andamento'),
(327, 'VCA0000327', 'SSA', 'CNF', '2025-09-27 09:00:00', '2025-09-27 11:00:00', 470.00, 120, 3, 8, 'Concluído'),
(328, 'VCA0000328', 'CNF', 'FOR', '2025-09-27 12:00:00', '2025-09-27 14:00:00', 495.75, 120, 4, 9, 'Cancelado'),
(329, 'VCA0000329', 'FOR', 'SDU', '2025-09-27 15:00:00', '2025-09-27 17:00:00', 470.40, 120, 5, 6, 'Atrasado'),
(330, 'VCA0000330', 'SDU', 'GRU', '2025-09-27 18:00:00', '2025-09-27 19:00:00', 420.00, 60, 6, 7, 'Pendente'),
(331, 'VCA0000331', 'GRU', 'REC', '2025-09-28 06:00:00', '2025-09-28 09:00:00', 620.30, 180, 1, 8, 'Programado'),
(332, 'VCA0000332', 'REC', 'BSB', '2025-09-28 10:00:00', '2025-09-28 13:00:00', 590.20, 180, 2, 9, 'Em andamento'),
(333, 'VCA0000333', 'BSB', 'POA', '2025-09-28 14:00:00', '2025-09-28 17:00:00', 620.45, 180, 3, 6, 'Concluído'),
(334, 'VCA0000334', 'POA', 'GIG', '2025-09-28 18:00:00', '2025-09-28 21:00:00', 579.90, 180, 4, 7, 'Cancelado'),
(335, 'VCA0000335', 'GIG', 'MAO', '2025-09-29 06:00:00', '2025-09-29 10:00:00', 770.30, 240, 5, 8, 'Atrasado'),
(336, 'VCA0000336', 'MAO', 'FOR', '2025-09-29 11:00:00', '2025-09-29 15:00:00', 755.00, 240, 6, 9, 'Pendente'),
(337, 'VCA0000337', 'FOR', 'SSA', '2025-09-29 16:00:00', '2025-09-29 18:00:00', 485.25, 120, 1, 6, 'Programado'),
(338, 'VCA0000338', 'SSA', 'BSB', '2025-09-29 19:00:00', '2025-09-29 21:00:00', 495.50, 120, 2, 7, 'Em andamento'),
(339, 'VCA0000339', 'BSB', 'GRU', '2025-09-30 06:00:00', '2025-09-30 08:00:00', 510.75, 120, 3, 8, 'Concluído'),
(340, 'VCA0000340', 'GRU', 'SDU', '2025-09-30 09:00:00', '2025-09-30 10:00:00', 410.00, 60, 4, 9, 'Cancelado'),
(341, 'VCA0000341', 'SDU', 'REC', '2025-09-30 11:00:00', '2025-09-30 13:00:00', 545.20, 120, 5, 6, 'Atrasado');

INSERT INTO "ProgramaFidelidade" ("nCdPrograma", "nCdPassageiro", "nPontos", "cCategoria", "tDataAdesao") VALUES
(1, 12, 45788, 'Prata', '2021-06-12'),
(2, 45, 125487, 'Bronze', '2020-09-18'),
(3, 67, 98456, 'Ouro', '2022-11-23'),
(4, 23, 245789, 'Platina', '2019-04-05'),
(5, 89, 543278, 'Diamante', '2024-02-19'),
(6, 111, 15678, 'Bronze', '2021-07-29'),
(7, 134, 87569, 'Prata', '2023-03-02'),
(8, 150, 45012, 'Ouro', '2022-01-13'),
(9, 178, 230045, 'Platina', '2020-05-06'),
(10, 205, 679034, 'Diamante', '2025-01-01'),
(11, 31, 87012, 'Bronze', '2019-10-20'),
(12, 56, 120045, 'Prata', '2021-03-22'),
(13, 90, 66000, 'Ouro', '2022-08-30'),
(14, 17, 187000, 'Platina', '2020-12-25'),
(15, 142, 512365, 'Diamante', '2024-06-04'),
(16, 3, 50078, 'Bronze', '2019-01-12'),
(17, 29, 156200, 'Prata', '2021-09-14'),
(18, 72, 445000, 'Ouro', '2023-05-08'),
(19, 119, 300045, 'Platina', '2020-04-10'),
(20, 191, 670000, 'Diamante', '2024-12-11'),
(21, 9, 58745, 'Bronze', '2019-11-03'),
(22, 39, 178945, 'Prata', '2022-07-21'),
(23, 58, 100789, 'Ouro', '2021-05-15'),
(24, 88, 267845, 'Platina', '2023-09-27'),
(25, 115, 582146, 'Diamante', '2025-03-03'),
(26, 14, 148965, 'Bronze', '2020-06-06'),
(27, 49, 345800, 'Prata', '2022-02-12'),
(28, 95, 786000, 'Ouro', '2023-01-01'),
(29, 162, 215000, 'Platina', '2020-08-28'),
(30, 184, 600455, 'Diamante', '2024-04-20'),
(31, 7, 78300, 'Bronze', '2021-12-09'),
(32, 42, 128000, 'Prata', '2020-01-23'),
(33, 69, 487000, 'Ouro', '2022-05-30'),
(34, 104, 275000, 'Platina', '2019-07-15'),
(35, 138, 680045, 'Diamante', '2024-09-14'),
(36, 22, 58000, 'Bronze', '2021-10-10'),
(37, 54, 198045, 'Prata', '2022-04-02'),
(38, 93, 109000, 'Ouro', '2021-02-17'),
(39, 123, 367845, 'Platina', '2023-07-08'),
(40, 174, 620000, 'Diamante', '2025-02-14'),
(41, 5, 150045, 'Bronze', '2020-03-18'),
(42, 33, 285000, 'Prata', '2021-01-01'),
(43, 78, 512000, 'Ouro', '2023-06-17'),
(44, 117, 237845, 'Platina', '2022-11-27'),
(45, 166, 650000, 'Diamante', '2024-07-25'),
(46, 20, 65045, 'Bronze', '2019-05-21'),
(47, 48, 189000, 'Prata', '2020-10-10'),
(48, 86, 560000, 'Ouro', '2022-09-05'),
(49, 108, 320045, 'Platina', '2021-06-20'),
(50, 196, 684500, 'Diamante', '2025-04-10'),
(51, 2, 98700, 'Prata', '2021-03-04'),
(52, 10, 458790, 'Ouro', '2023-08-19'),
(53, 16, 158900, 'Bronze', '2020-11-14'),
(54, 18, 295000, 'Platina', '2022-05-10'),
(55, 21, 514500, 'Diamante', '2024-02-11'),
(56, 24, 68750, 'Bronze', '2021-10-05'),
(57, 25, 178900, 'Prata', '2020-07-16'),
(58, 26, 540200, 'Ouro', '2022-12-28'),
(59, 30, 220000, 'Platina', '2019-06-30'),
(60, 32, 675000, 'Diamante', '2024-10-12'),
(61, 34, 80000, 'Bronze', '2020-02-17'),
(62, 36, 180456, 'Prata', '2021-07-21'),
(63, 37, 440000, 'Ouro', '2022-09-03'),
(64, 40, 300012, 'Platina', '2020-04-11'),
(65, 41, 669987, 'Diamante', '2024-01-17'),
(66, 43, 74000, 'Bronze', '2021-05-15'),
(67, 44, 215678, 'Prata', '2019-08-08'),
(68, 46, 580012, 'Ouro', '2022-02-05'),
(69, 47, 250000, 'Platina', '2020-06-02'),
(70, 50, 640500, 'Diamante', '2023-10-10'),
(71, 51, 61000, 'Bronze', '2020-12-11'),
(72, 52, 194500, 'Prata', '2021-09-09'),
(73, 53, 489012, 'Ouro', '2023-03-07'),
(74, 55, 280045, 'Platina', '2020-11-01'),
(75, 57, 672145, 'Diamante', '2025-01-08'),
(76, 59, 87000, 'Bronze', '2020-03-29'),
(77, 60, 200045, 'Prata', '2021-08-06'),
(78, 61, 478000, 'Ouro', '2022-10-13'),
(79, 62, 270000, 'Platina', '2020-07-18'),
(80, 63, 635000, 'Diamante', '2024-05-09'),
(81, 64, 68000, 'Bronze', '2019-12-05'),
(82, 65, 205000, 'Prata', '2021-06-10'),
(83, 66, 468000, 'Ouro', '2022-01-25'),
(84, 68, 290045, 'Platina', '2020-02-27'),
(85, 70, 682000, 'Diamante', '2024-11-04'),
(86, 71, 90000, 'Bronze', '2021-04-17'),
(87, 73, 215000, 'Prata', '2020-09-01'),
(88, 74, 410000, 'Ouro', '2023-02-13'),
(89, 75, 310045, 'Platina', '2020-01-30'),
(90, 76, 645000, 'Diamante', '2024-07-05'),
(91, 77, 70000, 'Bronze', '2019-03-20'),
(92, 79, 180000, 'Prata', '2021-11-24'),
(93, 80, 450012, 'Ouro', '2022-06-28'),
(94, 81, 280000, 'Platina', '2020-05-04'),
(95, 82, 620000, 'Diamante', '2025-04-01'),
(96, 83, 85000, 'Bronze', '2020-08-12'),
(97, 84, 210000, 'Prata', '2021-12-22'),
(98, 85, 460000, 'Ouro', '2022-03-15'),
(99, 87, 290500, 'Platina', '2020-06-19'),
(100, 91, 685000, 'Diamante', '2024-03-30'),
(101, 38, 98000, 'Bronze', '2014-05-14'),
(102, 172, 215000, 'Prata', '2015-11-20'),
(103, 240, 468900, 'Ouro', '2018-07-02'),
(104, 126, 270400, 'Platina', '2016-03-12'),
(105, 125, 630500, 'Diamante', '2019-09-08'),
(106, 218, 86000, 'Bronze', '2015-04-23'),
(107, 144, 194500, 'Prata', '2016-10-19'),
(108, 185, 485012, 'Ouro', '2017-06-27'),
(109, 11, 284000, 'Platina', '2015-08-16'),
(110, 192, 640987, 'Diamante', '2018-02-14'),
(111, 195, 87000, 'Bronze', '2014-01-30'),
(112, 204, 205600, 'Prata', '2017-09-05'),
(113, 214, 475400, 'Ouro', '2016-04-20'),
(114, 179, 280045, 'Platina', '2015-02-03'),
(115, 141, 675400, 'Diamante', '2019-06-22'),
(116, 222, 74000, 'Bronze', '2014-10-11'),
(117, 225, 214789, 'Prata', '2018-11-17'),
(118, 229, 450789, 'Ouro', '2015-07-26'),
(119, 156, 305600, 'Platina', '2016-12-01'),
(120, 158, 655900, 'Diamante', '2019-03-14'),
(121, 135, 78000, 'Bronze', '2014-09-08'),
(122, 245, 210900, 'Prata', '2017-01-15');

INSERT INTO "EscalaVoo" (
  "nCdEscala", "nCdVoo", "nOrdemEscala",
  "cNomeAeroporto", "tDataPartida", "tDataChegada", "nCdTripulante"
) VALUES
(1, 24, 1, 'Aeroporto Internacional do Rio de Janeiro/Galeão (GIG)', '2025-05-20 10:30:00', '2025-05-20 09:45:00', 4),
(2, 24, 2, 'Aeroporto Internacional de Brasília (BSB)', '2025-05-20 13:10:00', '2025-05-20 12:20:00', 12),
(3, 78, 1, 'Aeroporto Internacional de Salvador (SSA)', '2025-06-02 11:50:00', '2025-06-02 11:00:00', 7),
(4, 102, 1, 'Aeroporto Internacional de Recife (REC)', '2025-05-30 14:40:00', '2025-05-30 14:00:00', 16),
(5, 134, 1, 'Aeroporto Internacional de Brasília (BSB)', '2025-06-05 16:30:00', '2025-06-05 15:40:00', 9),
(6, 178, 1, 'Aeroporto Internacional de Salvador (SSA)', '2025-06-10 13:20:00', '2025-06-10 12:30:00', 2),
(7, 178, 2, 'Aeroporto Internacional de Recife (REC)', '2025-06-10 15:30:00', '2025-06-10 14:50:00', 18),
(8, 205, 1, 'Aeroporto Internacional de Belo Horizonte/Confins (CNF)', '2025-06-15 12:45:00', '2025-06-15 12:00:00', 11),
(9, 241, 1, 'Aeroporto Internacional de Salvador (SSA)', '2025-06-20 14:15:00', '2025-06-20 13:20:00', 1),
(10, 309, 1, 'Aeroporto Internacional de Brasília (BSB)', '2025-06-25 17:10:00', '2025-06-25 16:20:00', 17),
(11, 45, 1, 'Aeroporto Internacional de São Paulo - Guarulhos (GRU)', '2025-06-15 08:00:00', '2025-06-15 07:20:00', 5),
(12, 45, 2, 'Aeroporto Internacional de Curitiba - Afonso Pena (CWB)', '2025-06-15 10:30:00', '2025-06-15 09:45:00', 14),
(13, 76, 1, 'Aeroporto Internacional de Brasília (BSB)', '2025-06-18 12:00:00', '2025-06-18 11:10:00', 6),
(14, 76, 2, 'Aeroporto Internacional de Recife - Gilberto Freyre (REC)', '2025-06-18 14:30:00', '2025-06-18 13:50:00', 3),
(15, 89, 1, 'Aeroporto Internacional de Salvador (SSA)', '2025-06-20 09:00:00', '2025-06-20 08:20:00', 8),
(16, 132, 1, 'Aeroporto Internacional de Porto Alegre (POA)', '2025-06-25 11:30:00', '2025-06-25 10:50:00', 13),
(17, 132, 2, 'Aeroporto Internacional do Rio de Janeiro - Galeão (GIG)', '2025-06-25 13:45:00', '2025-06-25 12:50:00', 10),
(18, 154, 1, 'Aeroporto Internacional de Manaus - Eduardo Gomes (MAO)', '2025-06-28 15:00:00', '2025-06-28 14:20:00', 17),
(19, 154, 2, 'Aeroporto Internacional de Natal - Governador Aluízio Alves (NAT)', '2025-06-28 18:00:00', '2025-06-28 17:10:00', 15),
(20, 154, 3, 'Aeroporto Internacional de Fortaleza (FOR)', '2025-06-28 20:10:00', '2025-06-28 19:20:00', 12),
(21, 210, 1, 'Aeroporto Internacional de Belo Horizonte - Confins (CNF)', '2025-07-02 07:00:00', '2025-07-02 06:15:00', 3),
(22, 210, 2, 'Aeroporto Internacional de São Paulo - Guarulhos (GRU)', '2025-07-02 09:00:00', '2025-07-02 08:10:00', 16),
(23, 233, 1, 'Aeroporto Internacional de Salvador (SSA)', '2025-07-05 12:30:00', '2025-07-05 11:50:00', 7),
(24, 233, 2, 'Aeroporto Internacional de Brasília (BSB)', '2025-07-05 15:00:00', '2025-07-05 14:20:00', 9),
(25, 233, 3, 'Aeroporto Internacional de Recife - Gilberto Freyre (REC)', '2025-07-05 17:10:00', '2025-07-05 16:30:00', 6),
(26, 278, 1, 'Aeroporto Internacional de Curitiba - Afonso Pena (CWB)', '2025-07-10 10:20:00', '2025-07-10 09:40:00', 11),
(27, 278, 2, 'Aeroporto Internacional de Porto Alegre (POA)', '2025-07-10 12:40:00', '2025-07-10 12:00:00', 2),
(28, 312, 1, 'Aeroporto Internacional de Brasília (BSB)', '2025-07-15 14:00:00', '2025-07-15 13:10:00', 10),
(29, 330, 1, 'Aeroporto Internacional de Manaus - Eduardo Gomes (MAO)', '2025-07-18 16:30:00', '2025-07-18 15:50:00', 14),
(30, 330, 2, 'Aeroporto Internacional de Fortaleza (FOR)', '2025-07-18 19:10:00', '2025-07-18 18:30:00', 5),
(31, 12, 1, 'Aeroporto de Santos Dumont (SDU)', '2025-07-20 07:00:00', '2025-07-20 06:10:00', 8),
(32, 12, 2, 'Aeroporto de Congonhas (CGH)', '2025-07-20 09:00:00', '2025-07-20 08:10:00', 15),
(33, 15, 1, 'Aeroporto Internacional de Salvador (SSA)', '2025-07-21 12:00:00', '2025-07-21 11:10:00', 1),
(34, 18, 1, 'Aeroporto Internacional de Recife - Gilberto Freyre (REC)', '2025-07-22 14:30:00', '2025-07-22 13:40:00', 13),
(35, 18, 2, 'Aeroporto Internacional de Fortaleza (FOR)', '2025-07-22 17:10:00', '2025-07-22 16:20:00', 3),
(36, 21, 1, 'Aeroporto Internacional de Brasília (BSB)', '2025-07-23 09:00:00', '2025-07-23 08:10:00', 4),
(37, 23, 1, 'Aeroporto Internacional de Manaus - Eduardo Gomes (MAO)', '2025-07-24 10:30:00', '2025-07-24 09:40:00', 9),
(38, 23, 2, 'Aeroporto Internacional de Belém - Val de Cans (BEL)', '2025-07-24 13:00:00', '2025-07-24 12:10:00', 17),
(39, 25, 1, 'Aeroporto Internacional de Fortaleza (FOR)', '2025-07-25 11:00:00', '2025-07-25 10:20:00', 12),
(40, 28, 1, 'Aeroporto Internacional de Porto Alegre (POA)', '2025-07-26 15:00:00', '2025-07-26 14:10:00', 18),
(41, 28, 2, 'Aeroporto Internacional de Salvador (SSA)', '2025-07-26 17:30:00', '2025-07-26 16:40:00', 7),
(42, 30, 1, 'Aeroporto Internacional de Belo Horizonte - Confins (CNF)', '2025-07-27 08:00:00', '2025-07-27 07:10:00', 6),
(43, 30, 2, 'Aeroporto Internacional de Recife - Gilberto Freyre (REC)', '2025-07-27 10:40:00', '2025-07-27 09:50:00', 10),
(44, 33, 1, 'Aeroporto Internacional de Natal - Governador Aluízio Alves (NAT)', '2025-07-28 09:30:00', '2025-07-28 08:40:00', 2),
(45, 33, 2, 'Aeroporto Internacional de Fortaleza (FOR)', '2025-07-28 12:00:00', '2025-07-28 11:10:00', 11),
(46, 36, 1, 'Aeroporto Internacional de São Paulo - Guarulhos (GRU)', '2025-07-29 14:00:00', '2025-07-29 13:10:00', 1),
(47, 39, 1, 'Aeroporto Internacional do Rio de Janeiro - Galeão (GIG)', '2025-07-30 15:30:00', '2025-07-30 14:40:00', 16),
(48, 42, 1, 'Aeroporto Internacional de Brasília (BSB)', '2025-07-31 07:00:00', '2025-07-31 06:10:00', 14),
(49, 42, 2, 'Aeroporto Internacional de Salvador (SSA)', '2025-07-31 09:30:00', '2025-07-31 08:40:00', 8),
(50, 42, 3, 'Aeroporto Internacional de Fortaleza (FOR)', '2025-07-31 12:00:00', '2025-07-31 11:10:00', 13),
(51, 46, 1, 'Aeroporto Internacional de Curitiba - Afonso Pena (CWB)', '2025-08-01 13:00:00', '2025-08-01 12:10:00', 15),
(52, 50, 1, 'Aeroporto Internacional de São Paulo - Guarulhos (GRU)', '2025-08-02 10:00:00', '2025-08-02 09:10:00', 4),
(53, 50, 2, 'Aeroporto Internacional de Brasília (BSB)', '2025-08-02 12:30:00', '2025-08-02 11:40:00', 5),
(54, 54, 1, 'Aeroporto Internacional de Recife - Gilberto Freyre (REC)', '2025-08-03 15:30:00', '2025-08-03 14:40:00', 18),
(55, 58, 1, 'Aeroporto Internacional de Belo Horizonte - Confins (CNF)', '2025-08-04 07:20:00', '2025-08-04 06:30:00', 3),
(56, 62, 1, 'Aeroporto Internacional de Porto Alegre (POA)', '2025-08-05 12:00:00', '2025-08-05 11:10:00', 12),
(57, 62, 2, 'Aeroporto Internacional de Salvador (SSA)', '2025-08-05 14:30:00', '2025-08-05 13:40:00', 9),
(58, 66, 1, 'Aeroporto Internacional de Manaus - Eduardo Gomes (MAO)', '2025-08-06 16:00:00', '2025-08-06 15:10:00', 6),
(59, 70, 1, 'Aeroporto Internacional de Fortaleza (FOR)', '2025-08-07 09:00:00', '2025-08-07 08:10:00', 7),
(60, 70, 2, 'Aeroporto Internacional de Recife - Gilberto Freyre (REC)', '2025-08-07 11:30:00', '2025-08-07 10:40:00', 2),
(61, 80, 1, 'Aeroporto Internacional de Belo Horizonte - Confins (CNF)', '2025-08-10 07:30:00', '2025-08-10 06:40:00', 11),
(62, 80, 2, 'Aeroporto Internacional de Recife - Gilberto Freyre (REC)', '2025-08-10 10:00:00', '2025-08-10 09:10:00', 7),
(63, 83, 1, 'Aeroporto Internacional de Salvador (SSA)', '2025-08-11 12:45:00', '2025-08-11 11:50:00', 14),
(64, 86, 1, 'Aeroporto Internacional de Manaus - Eduardo Gomes (MAO)', '2025-08-12 14:30:00', '2025-08-12 13:40:00', 5),
(65, 86, 2, 'Aeroporto Internacional de Belém - Val de Cans (BEL)', '2025-08-12 17:00:00', '2025-08-12 16:10:00', 16),
(66, 90, 1, 'Aeroporto Internacional de Porto Alegre (POA)', '2025-08-13 09:00:00', '2025-08-13 08:10:00', 3),
(67, 90, 2, 'Aeroporto Internacional de Salvador (SSA)', '2025-08-13 11:30:00', '2025-08-13 10:40:00', 18),
(68, 90, 3, 'Aeroporto Internacional de Fortaleza (FOR)', '2025-08-13 14:00:00', '2025-08-13 13:10:00', 2),
(69, 95, 1, 'Aeroporto Internacional de São Paulo - Guarulhos (GRU)', '2025-08-14 06:00:00', '2025-08-14 05:10:00', 12),
(70, 100, 1, 'Aeroporto Internacional de Brasília (BSB)', '2025-08-15 07:30:00', '2025-08-15 06:40:00', 1),
(71, 100, 2, 'Aeroporto Internacional de Salvador (SSA)', '2025-08-15 10:00:00', '2025-08-15 09:10:00', 17),
(72, 105, 1, 'Aeroporto Internacional de Curitiba - Afonso Pena (CWB)', '2025-08-16 11:30:00', '2025-08-16 10:40:00', 6),
(73, 110, 1, 'Aeroporto Internacional de Recife - Gilberto Freyre (REC)', '2025-08-17 14:00:00', '2025-08-17 13:10:00', 9),
(74, 110, 2, 'Aeroporto Internacional de Fortaleza (FOR)', '2025-08-17 16:30:00', '2025-08-17 15:40:00', 4),
(75, 115, 1, 'Aeroporto Internacional de Manaus - Eduardo Gomes (MAO)', '2025-08-18 12:00:00', '2025-08-18 11:10:00', 13),
(76, 120, 1, 'Aeroporto Internacional de Belém - Val de Cans (BEL)', '2025-08-19 15:30:00', '2025-08-19 14:40:00', 10),
(77, 120, 2, 'Aeroporto Internacional de Salvador (SSA)', '2025-08-19 18:00:00', '2025-08-19 17:10:00', 8),
(78, 125, 1, 'Aeroporto Internacional de Brasília (BSB)', '2025-08-20 09:00:00', '2025-08-20 08:10:00', 15),
(79, 130, 1, 'Aeroporto Internacional de São Paulo - Guarulhos (GRU)', '2025-08-21 10:30:00', '2025-08-21 09:40:00', 3),
(80, 135, 1, 'Aeroporto Internacional de Belo Horizonte - Confins (CNF)', '2025-08-22 07:45:00', '2025-08-22 06:50:00', 18),
(81, 140, 1, 'Aeroporto Internacional de Porto Alegre (POA)', '2025-08-23 11:00:00', '2025-08-23 10:10:00', 7),
(82, 140, 2, 'Aeroporto Internacional de Fortaleza (FOR)', '2025-08-23 13:30:00', '2025-08-23 12:40:00', 16),
(83, 145, 1, 'Aeroporto Internacional de Recife - Gilberto Freyre (REC)', '2025-08-24 15:00:00', '2025-08-24 14:10:00', 11),
(84, 150, 1, 'Aeroporto Internacional de Manaus - Eduardo Gomes (MAO)', '2025-08-25 13:30:00', '2025-08-25 12:40:00', 5),
(85, 150, 2, 'Aeroporto Internacional de Natal - Governador Aluízio Alves (NAT)', '2025-08-25 16:00:00', '2025-08-25 15:10:00', 14),
(86, 155, 1, 'Aeroporto Internacional de Salvador (SSA)', '2025-08-26 08:00:00', '2025-08-26 07:10:00', 12),
(87, 155, 2, 'Aeroporto Internacional de Brasília (BSB)', '2025-08-26 10:30:00', '2025-08-26 09:40:00', 4),
(88, 160, 1, 'Aeroporto Internacional de Curitiba - Afonso Pena (CWB)', '2025-08-27 12:00:00', '2025-08-27 11:10:00', 2),
(89, 165, 1, 'Aeroporto Internacional de Belém - Val de Cans (BEL)', '2025-08-28 09:30:00', '2025-08-28 08:40:00', 13),
(90, 165, 2, 'Aeroporto Internacional de Fortaleza (FOR)', '2025-08-28 12:00:00', '2025-08-28 11:10:00', 6),
(91, 170, 1, 'Aeroporto Internacional de Salvador (SSA)', '2025-08-29 07:00:00', '2025-08-29 06:10:00', 8),
(92, 170, 2, 'Aeroporto Internacional de Brasília (BSB)', '2025-08-29 09:30:00', '2025-08-29 08:40:00', 3),
(93, 175, 1, 'Aeroporto Internacional de Recife - Gilberto Freyre (REC)', '2025-08-30 11:00:00', '2025-08-30 10:10:00', 11),
(94, 180, 1, 'Aeroporto Internacional de Fortaleza (FOR)', '2025-08-31 13:30:00', '2025-08-31 12:40:00', 1),
(95, 180, 2, 'Aeroporto Internacional de Manaus - Eduardo Gomes (MAO)', '2025-08-31 16:00:00', '2025-08-31 15:10:00', 12),
(96, 185, 1, 'Aeroporto Internacional de Porto Alegre (POA)', '2025-09-01 08:00:00', '2025-09-01 07:10:00', 17),
(97, 185, 2, 'Aeroporto Internacional de Salvador (SSA)', '2025-09-01 10:30:00', '2025-09-01 09:40:00', 9),
(98, 185, 3, 'Aeroporto Internacional de Fortaleza (FOR)', '2025-09-01 13:00:00', '2025-09-01 12:10:00', 14),
(99, 190, 1, 'Aeroporto Internacional de Belém - Val de Cans (BEL)', '2025-09-02 10:00:00', '2025-09-02 09:10:00', 4),
(100, 195, 1, 'Aeroporto Internacional de Manaus - Eduardo Gomes (MAO)', '2025-09-03 11:30:00', '2025-09-03 10:40:00', 16),
(101, 195, 2, 'Aeroporto Internacional de Natal - Governador Aluízio Alves (NAT)', '2025-09-03 14:00:00', '2025-09-03 13:10:00', 6),
(102, 200, 1, 'Aeroporto Internacional de Belo Horizonte - Confins (CNF)', '2025-09-04 07:30:00', '2025-09-04 06:40:00', 15),
(103, 205, 1, 'Aeroporto Internacional de Recife - Gilberto Freyre (REC)', '2025-09-05 12:00:00', '2025-09-05 11:10:00', 2),
(104, 205, 2, 'Aeroporto Internacional de Fortaleza (FOR)', '2025-09-05 14:30:00', '2025-09-05 13:40:00', 18),
(105, 210, 1, 'Aeroporto Internacional de Brasília (BSB)', '2025-09-06 08:00:00', '2025-09-06 07:10:00', 10),
(106, 215, 1, 'Aeroporto Internacional de Porto Alegre (POA)', '2025-09-07 09:30:00', '2025-09-07 08:40:00', 5),
(107, 215, 2, 'Aeroporto Internacional de Fortaleza (FOR)', '2025-09-07 12:00:00', '2025-09-07 11:10:00', 7),
(108, 220, 1, 'Aeroporto Internacional de Manaus - Eduardo Gomes (MAO)', '2025-09-08 13:30:00', '2025-09-08 12:40:00', 13),
(109, 225, 1, 'Aeroporto Internacional de Salvador (SSA)', '2025-09-09 10:00:00', '2025-09-09 09:10:00', 11),
(110, 225, 2, 'Aeroporto Internacional de Recife - Gilberto Freyre (REC)', '2025-09-09 12:30:00', '2025-09-09 11:40:00', 1),
(111, 230, 1, 'Aeroporto Internacional de Belém - Val de Cans (BEL)', '2025-09-10 15:00:00', '2025-09-10 14:10:00', 8),
(112, 235, 1, 'Aeroporto Internacional de São Paulo - Guarulhos (GRU)', '2025-09-11 09:00:00', '2025-09-11 08:10:00', 14),
(113, 240, 1, 'Aeroporto Internacional de Curitiba - Afonso Pena (CWB)', '2025-09-12 07:30:00', '2025-09-12 06:40:00', 3),
(114, 245, 1, 'Aeroporto Internacional de Brasília (BSB)', '2025-09-13 11:00:00', '2025-09-13 10:10:00', 12),
(115, 245, 2, 'Aeroporto Internacional de Salvador (SSA)', '2025-09-13 13:30:00', '2025-09-13 12:40:00', 15),
(116, 250, 1, 'Aeroporto Internacional de Recife - Gilberto Freyre (REC)', '2025-09-14 14:00:00', '2025-09-14 13:10:00', 17),
(117, 255, 1, 'Aeroporto Internacional de Manaus - Eduardo Gomes (MAO)', '2025-09-15 10:30:00', '2025-09-15 09:40:00', 5),
(118, 255, 2, 'Aeroporto Internacional de Natal - Governador Aluízio Alves (NAT)', '2025-09-15 13:00:00', '2025-09-15 12:10:00', 4),
(119, 260, 1, 'Aeroporto Internacional de Porto Alegre (POA)', '2025-09-16 08:30:00', '2025-09-16 07:40:00', 9),
(120, 265, 1, 'Aeroporto Internacional de Fortaleza (FOR)', '2025-09-17 12:00:00', '2025-09-17 11:10:00', 2),
(121, 270, 1, 'Aeroporto Internacional de Salvador (SSA)', '2025-09-18 10:00:00', '2025-09-18 09:10:00', 7),
(122, 270, 2, 'Aeroporto Internacional de Brasília (BSB)', '2025-09-18 12:30:00', '2025-09-18 11:40:00', 6),
(123, 270, 3, 'Aeroporto Internacional de Fortaleza (FOR)', '2025-09-18 15:00:00', '2025-09-18 14:10:00', 10),
(124, 275, 1, 'Aeroporto Internacional de Manaus - Eduardo Gomes (MAO)', '2025-09-19 07:00:00', '2025-09-19 06:10:00', 18),
(125, 280, 1, 'Aeroporto Internacional de Belém - Val de Cans (BEL)', '2025-09-20 09:30:00', '2025-09-20 08:40:00', 16),
(126, 280, 2, 'Aeroporto Internacional de Salvador (SSA)', '2025-09-20 12:00:00', '2025-09-20 11:10:00', 13),
(127, 285, 1, 'Aeroporto Internacional de Recife - Gilberto Freyre (REC)', '2025-09-21 10:00:00', '2025-09-21 09:10:00', 11),
(128, 290, 1, 'Aeroporto Internacional de Porto Alegre (POA)', '2025-09-22 11:30:00', '2025-09-22 10:40:00', 8),
(129, 295, 1, 'Aeroporto Internacional de Fortaleza (FOR)', '2025-09-23 12:00:00', '2025-09-23 11:10:00', 1),
(130, 300, 1, 'Aeroporto Internacional de Manaus - Eduardo Gomes (MAO)', '2025-09-24 07:30:00', '2025-09-24 06:40:00', 4),
(131, 300, 2, 'Aeroporto Internacional de Natal - Governador Aluízio Alves (NAT)', '2025-09-24 10:00:00', '2025-09-24 09:10:00', 12);

INSERT INTO "Reserva" ("nCdReserva", "nCdPassageiro", "nCdVoo", "tDataReserva", "cStatusReserva") VALUES
(1, 7, 225, '2025-07-01', 'Confirmado'),
(2, 3, 107, '2025-07-02', 'Reservado'),
(3, 12, 32, '2025-07-03', 'Em espera'),
(4, 9, 269, '2025-07-04', 'Alterado'),
(5, 4, 47, '2025-07-05', 'Confirmado'),
(6, 16, 221, '2025-07-06', 'Cancelado'),
(7, 10, 102, '2025-07-07', 'Reservado'),
(8, 2, 293, '2025-07-08', 'Em espera'),
(9, 14, 150, '2025-07-09', 'Concluído'),
(10, 8, 68, '2025-07-10', 'Confirmado'),
(11, 6, 184, '2025-07-11', 'Reservado'),
(12, 11, 308, '2025-07-12', 'Alterado'),
(13, 19, 161, '2025-07-13', 'Em espera'),
(14, 1, 120, '2025-07-14', 'Confirmado'),
(15, 18, 78, '2025-07-15', 'Reservado'),
(16, 5, 3, '2025-07-16', 'Cancelado'),
(17, 20, 312, '2025-07-17', 'Concluído'),
(18, 13, 311, '2025-07-18', 'Confirmado'),
(19, 15, 228, '2025-07-19', 'Em espera'),
(20, 17, 107, '2025-07-20', 'Alterado'),
(21, 9, 161, '2025-07-21', 'Confirmado'),
(22, 3, 337, '2025-07-22', 'Reservado'),
(23, 7, 19, '2025-07-23', 'Em espera'),
(24, 16, 91, '2025-07-24', 'Alterado'),
(25, 13, 307, '2025-07-25', 'Confirmado'),
(26, 1, 150, '2025-07-26', 'Cancelado'),
(27, 5, 39, '2025-07-27', 'Reservado'),
(28, 18, 5, '2025-07-28', 'Em espera'),
(29, 14, 62, '2025-07-29', 'Concluído'),
(30, 11, 189, '2025-07-30', 'Confirmado'),
(31, 20, 226, '2025-07-31', 'Reservado'),
(32, 8, 209, '2025-08-01', 'Alterado'),
(33, 12, 9, '2025-08-02', 'Em espera'),
(34, 4, 253, '2025-08-03', 'Confirmado'),
(35, 15, 179, '2025-08-04', 'Reservado'),
(36, 2, 338, '2025-08-05', 'Cancelado'),
(37, 6, 303, '2025-08-06', 'Em espera'),
(38, 10, 48, '2025-08-07', 'Concluído'),
(39, 17, 227, '2025-08-08', 'Confirmado'),
(40, 19, 125, '2025-08-09', 'Alterado'),
(41, 7, 255, '2025-08-10', 'Confirmado'),
(42, 3, 185, '2025-08-11', 'Reservado'),
(43, 12, 256, '2025-08-12', 'Em espera'),
(44, 9, 208, '2025-08-13', 'Alterado'),
(45, 4, 63, '2025-08-14', 'Confirmado'),
(46, 16, 85, '2025-08-15', 'Cancelado'),
(47, 10, 306, '2025-08-16', 'Reservado'),
(48, 2, 150, '2025-08-17', 'Em espera'),
(49, 14, 262, '2025-08-18', 'Concluído'),
(50, 11, 180, '2025-08-19', 'Confirmado'),
(51, 20, 244, '2025-08-20', 'Reservado'),
(52, 8, 41, '2025-08-21', 'Alterado'),
(53, 15, 117, '2025-08-22', 'Em espera'),
(54, 1, 141, '2025-08-23', 'Confirmado'),
(55, 18, 35, '2025-08-24', 'Reservado'),
(56, 5, 161, '2025-08-25', 'Cancelado'),
(57, 19, 66, '2025-08-26', 'Em espera'),
(58, 13, 128, '2025-08-27', 'Concluído'),
(59, 6, 250, '2025-08-28', 'Confirmado'),
(60, 17, 170, '2025-08-29', 'Alterado'),
(61, 2, 61, '2025-08-30', 'Confirmado'),
(62, 5, 169, '2025-08-31', 'Reservado'),
(63, 9, 304, '2025-09-01', 'Em espera'),
(64, 12, 77, '2025-09-02', 'Alterado'),
(65, 16, 126, '2025-09-03', 'Confirmado'),
(66, 18, 205, '2025-09-04', 'Cancelado'),
(67, 3, 191, '2025-09-05', 'Reservado'),
(68, 7, 321, '2025-09-06', 'Em espera'),
(69, 10, 27, '2025-09-07', 'Concluído'),
(70, 13, 46, '2025-09-08', 'Confirmado'),
(71, 17, 203, '2025-09-09', 'Reservado'),
(72, 20, 216, '2025-09-10', 'Alterado'),
(73, 4, 152, '2025-09-11', 'Em espera'),
(74, 6, 334, '2025-09-12', 'Confirmado'),
(75, 8, 64, '2025-09-13', 'Reservado'),
(76, 11, 201, '2025-09-14', 'Cancelado'),
(77, 14, 273, '2025-09-15', 'Em espera'),
(78, 15, 270, '2025-09-16', 'Concluído'),
(79, 19, 96, '2025-09-17', 'Confirmado'),
(80, 1, 199, '2025-09-18', 'Alterado'),
(81, 2, 136, '2025-09-19', 'Confirmado'),
(82, 3, 198, '2025-09-20', 'Reservado'),
(83, 4, 156, '2025-09-21', 'Em espera'),
(84, 5, 263, '2025-09-22', 'Alterado'),
(85, 6, 132, '2025-09-23', 'Confirmado'),
(86, 7, 259, '2025-09-24', 'Cancelado'),
(87, 8, 330, '2025-09-25', 'Reservado'),
(88, 9, 222, '2025-09-26', 'Em espera'),
(89, 10, 234, '2025-09-27', 'Concluído'),
(90, 11, 26, '2025-09-28', 'Confirmado'),
(91, 12, 56, '2025-09-29', 'Reservado'),
(92, 13, 154, '2025-09-30', 'Alterado'),
(93, 14, 32, '2025-10-01', 'Confirmado'),
(94, 15, 302, '2025-10-02', 'Cancelado'),
(95, 16, 21, '2025-10-03', 'Em espera'),
(96, 17, 149, '2025-10-04', 'Reservado'),
(97, 18, 142, '2025-10-05', 'Confirmado'),
(98, 19, 74, '2025-10-06', 'Alterado'),
(99, 20, 170, '2025-10-07', 'Em espera'),
(100, 1, 315, '2025-10-08', 'Confirmado'),
(101, 2, 329, '2025-10-09', 'Reservado'),
(102, 3, 297, '2025-10-10', 'Em espera'),
(103, 4, 302, '2025-10-11', 'Alterado'),
(104, 5, 33, '2025-10-12', 'Confirmado'),
(105, 6, 298, '2025-10-13', 'Cancelado'),
(106, 7, 217, '2025-10-14', 'Reservado'),
(107, 8, 79, '2025-10-15', 'Em espera'),
(108, 9, 150, '2025-10-16', 'Concluído'),
(109, 10, 259, '2025-10-17', 'Confirmado'),
(110, 11, 134, '2025-10-18', 'Alterado'),
(111, 12, 57, '2025-10-19', 'Em espera'),
(112, 13, 272, '2025-10-20', 'Reservado'),
(113, 14, 170, '2025-10-21', 'Confirmado'),
(114, 15, 123, '2025-10-22', 'Alterado'),
(115, 16, 102, '2025-10-23', 'Cancelado'),
(116, 17, 165, '2025-10-24', 'Em espera'),
(117, 18, 293, '2025-10-25', 'Confirmado'),
(118, 19, 51, '2025-10-26', 'Reservado'),
(119, 20, 3, '2025-10-27', 'Em espera'),
(120, 1, 47, '2025-10-28', 'Concluído'),
(121, 10, 83, '2025-11-01', 'Confirmado'),
(122, 19, 165, '2025-11-23', 'Em espera'),
(123, 14, 42, '2025-12-01', 'Cancelado'),
(124, 17, 275, '2025-11-28', 'Em espera'),
(125, 20, 130, '2025-11-29', 'Alterado'),
(126, 16, 305, '2025-11-14', 'Confirmado'),
(127, 7, 185, '2025-11-27', 'Cancelado'),
(128, 1, 286, '2025-12-01', 'Alterado'),
(129, 6, 26, '2025-11-10', 'Cancelado'),
(130, 16, 271, '2025-12-01', 'Alterado'),
(131, 8, 46, '2025-12-27', 'Cancelado'),
(132, 6, 243, '2025-12-05', 'Alterado'),
(133, 13, 65, '2025-11-14', 'Em espera'),
(134, 10, 161, '2025-12-30', 'Em espera'),
(135, 3, 292, '2025-11-20', 'Cancelado'),
(136, 6, 87, '2025-12-30', 'Em espera'),
(137, 1, 43, '2025-11-09', 'Confirmado'),
(138, 3, 81, '2025-12-01', 'Em espera'),
(139, 12, 237, '2025-12-23', 'Alterado'),
(140, 14, 260, '2025-12-12', 'Cancelado'),
(141, 19, 119, '2025-11-10', 'Cancelado'),
(142, 7, 271, '2025-11-21', 'Alterado'),
(143, 5, 335, '2025-12-12', 'Alterado'),
(144, 5, 255, '2025-12-29', 'Alterado'),
(145, 16, 69, '2025-11-09', 'Alterado'),
(146, 16, 213, '2025-11-07', 'Cancelado'),
(147, 10, 155, '2025-11-30', 'Em espera'),
(148, 13, 249, '2025-12-26', 'Em espera'),
(149, 16, 185, '2025-11-25', 'Confirmado'),
(150, 11, 14, '2025-11-15', 'Reservado'),
(151, 15, 124, '2025-12-07', 'Alterado'),
(152, 6, 20, '2025-12-06', 'Alterado'),
(153, 10, 29, '2025-11-26', 'Reservado'),
(154, 4, 172, '2025-12-26', 'Em espera'),
(155, 17, 78, '2025-12-14', 'Em espera'),
(156, 2, 220, '2025-12-07', 'Reservado'),
(157, 17, 150, '2025-12-27', 'Reservado'),
(158, 12, 76, '2025-12-16', 'Reservado'),
(159, 9, 176, '2025-11-01', 'Cancelado'),
(160, 3, 22, '2025-12-20', 'Cancelado'),
(161, 10, 97, '2025-12-24', 'Em espera'),
(162, 7, 288, '2025-11-21', 'Confirmado'),
(163, 16, 131, '2025-12-12', 'Cancelado'),
(164, 15, 273, '2025-11-29', 'Alterado'),
(165, 7, 310, '2025-11-11', 'Em espera'),
(166, 9, 122, '2025-12-21', 'Confirmado'),
(167, 4, 200, '2025-12-18', 'Cancelado'),
(168, 10, 18, '2025-12-11', 'Confirmado'),
(169, 19, 287, '2025-11-19', 'Confirmado'),
(170, 17, 108, '2025-12-27', 'Em espera');

INSERT INTO "Checkin" ("nCdCheckin", "nCdReserva", "tDataHoraCheckin", "cAssento", "nBagagemVolume", "nQtdBagagem", "cStatusCheckin") VALUES
(1, 20, '2025-07-01 06:15:00', '15C', 23.5, 1, 'Realizado'),
(2, 5, '2025-07-02 07:00:00', '12A', 18.7, 1, 'Pendente'),
(3, 17, '2025-07-03 08:45:00', '21F', 29.8, 2, 'Realizado'),
(4, 11, '2025-07-04 09:30:00', '18D', 15.4, 1, 'Concluído'),
(5, 7, '2025-07-05 10:00:00', '8B', 25.6, 2, 'Cancelado'),
(6, 15, '2025-07-06 11:45:00', '27A', 20.3, 1, 'Realizado'),
(7, 9, '2025-07-07 13:30:00', '3C', 30.2, 2, 'Pendente'),
(8, 24, '2025-07-08 14:15:00', '5E', 12.9, 1, 'Não autorizado'),
(9, 1, '2025-07-09 15:00:00', '19B', 17.6, 1, 'Realizado'),
(10, 13, '2025-07-10 16:45:00', '22F', 28.5, 2, 'Concluído'),
(11, 8, '2025-07-11 18:30:00', '6D', 24.0, 2, 'Cancelado'),
(12, 21, '2025-07-12 06:30:00', '10A', 31.4, 3, 'Pendente'),
(13, 27, '2025-07-13 07:15:00', '14E', 19.9, 1, 'Realizado'),
(14, 18, '2025-07-14 08:00:00', '26C', 22.1, 2, 'Realizado'),
(15, 4, '2025-07-15 09:45:00', '7F', 11.7, 1, 'Concluído'),
(16, 25, '2025-07-16 10:30:00', '30B', 27.3, 2, 'Pendente'),
(17, 30, '2025-07-17 11:15:00', '9D', 13.5, 1, 'Realizado'),
(18, 3, '2025-07-18 12:00:00', '20A', 26.9, 2, 'Cancelado'),
(19, 28, '2025-07-19 13:45:00', '16C', 15.2, 1, 'Concluído'),
(20, 6, '2025-07-20 14:30:00', '23E', 20.7, 2, 'Pendente'),
(21, 23, '2025-07-21 06:00:00', '11B', 29.4, 2, 'Realizado'),
(22, 31, '2025-07-22 07:45:00', '2F', 18.3, 1, 'Concluído'),
(23, 10, '2025-07-23 09:30:00', '4D', 24.9, 2, 'Cancelado'),
(24, 2, '2025-07-24 11:15:00', '13A', 30.1, 3, 'Realizado'),
(25, 19, '2025-07-25 13:00:00', '17E', 21.5, 2, 'Pendente'),
(26, 16, '2025-07-26 14:45:00', '28C', 16.8, 1, 'Não autorizado'),
(27, 12, '2025-07-27 06:30:00', '24F', 25.4, 2, 'Realizado'),
(28, 14, '2025-07-28 08:15:00', '29B', 19.6, 1, 'Pendente'),
(29, 26, '2025-07-29 10:00:00', '1D', 13.2, 1, 'Realizado'),
(30, 22, '2025-07-30 11:45:00', '5A', 31.8, 3, 'Concluído'),
(31, 17, '2025-07-31 13:30:00', '8C', 12.5, 1, 'Cancelado'),
(32, 20, '2025-07-01 15:15:00', '12E', 28.0, 2, 'Realizado'),
(33, 5, '2025-07-02 06:00:00', '18F', 22.8, 2, 'Concluído'),
(34, 9, '2025-07-03 07:45:00', '21B', 27.1, 2, 'Cancelado'),
(35, 27, '2025-07-04 09:30:00', '6C', 14.6, 1, 'Realizado'),
(36, 7, '2025-07-05 11:15:00', '23D', 19.3, 1, 'Pendente'),
(37, 30, '2025-07-06 13:00:00', '17A', 29.9, 2, 'Realizado'),
(38, 11, '2025-07-07 14:45:00', '20E', 16.4, 1, 'Não autorizado'),
(39, 4, '2025-07-08 06:30:00', '26F', 24.7, 2, 'Concluído'),
(40, 25, '2025-07-09 08:15:00', '10B', 21.2, 2, 'Pendente'),
(41, 13, '2025-07-10 10:00:00', '14D', 18.5, 1, 'Cancelado'),
(42, 3, '2025-07-11 11:45:00', '30C', 26.1, 2, 'Realizado'),
(43, 8, '2025-07-12 13:30:00', '9F', 15.7, 1, 'Concluído'),
(44, 19, '2025-07-13 15:15:00', '7B', 28.3, 2, 'Realizado'),
(45, 1, '2025-07-14 06:00:00', '13C', 20.9, 2, 'Pendente'),
(46, 28, '2025-07-15 07:45:00', '5F', 17.1, 1, 'Cancelado'),
(47, 16, '2025-07-16 09:30:00', '22D', 30.7, 3, 'Realizado'),
(48, 24, '2025-07-17 11:15:00', '19A', 24.3, 2, 'Não autorizado'),
(49, 6, '2025-07-18 13:00:00', '25E', 18.2, 1, 'Concluído'),
(50, 14, '2025-07-19 14:45:00', '11D', 29.0, 2, 'Cancelado'),
(51, 23, '2025-07-20 06:30:00', '15F', 15.0, 1, 'Realizado'),
(52, 12, '2025-07-21 08:15:00', '28B', 21.8, 2, 'Pendente'),
(53, 10, '2025-07-22 10:00:00', '3D', 25.9, 2, 'Realizado'),
(54, 31, '2025-07-23 11:45:00', '8E', 13.9, 1, 'Concluído'),
(55, 22, '2025-07-24 13:30:00', '16F', 30.5, 3, 'Pendente'),
(56, 18, '2025-07-25 15:15:00', '27B', 19.1, 1, 'Realizado'),
(57, 15, '2025-07-26 06:00:00', '4F', 22.0, 2, 'Cancelado'),
(58, 26, '2025-07-27 07:45:00', '29D', 17.8, 1, 'Concluído'),
(59, 17, '2025-07-28 09:30:00', '1C', 28.6, 2, 'Pendente'),
(60, 25, '2025-07-29 11:15:00', '24A', 15.5, 1, 'Cancelado'),
(61, 5, '2025-07-30 13:00:00', '6E', 20.1, 2, 'Realizado'),
(62, 20, '2025-07-31 14:45:00', '17D', 29.3, 2, 'Pendente'),
(63, 27, '2025-07-01 06:30:00', '12F', 16.6, 1, 'Concluído'),
(64, 9, '2025-07-02 08:15:00', '21C', 25.7, 2, 'Cancelado'),
(65, 7, '2025-07-03 10:00:00', '19E', 19.4, 1, 'Realizado'),
(66, 13, '2025-07-04 11:45:00', '8A', 24.5, 2, 'Concluído'),
(67, 28, '2025-07-05 13:30:00', '4C', 18.8, 1, 'Pendente'),
(68, 2, '2025-07-06 15:15:00', '15B', 30.4, 3, 'Cancelado'),
(69, 1, '2025-07-07 06:00:00', '9A', 23.2, 2, 'Realizado'),
(70, 19, '2025-07-08 07:45:00', '20D', 16.3, 1, 'Pendente'),
(71, 16, '2025-07-09 09:30:00', '23A', 28.9, 2, 'Cancelado'),
(72, 30, '2025-07-10 11:15:00', '7D', 21.7, 2, 'Realizado'),
(73, 24, '2025-07-11 13:00:00', '5C', 18.0, 1, 'Concluído'),
(74, 11, '2025-07-12 14:45:00', '14F', 25.3, 2, 'Realizado'),
(75, 6, '2025-07-13 06:30:00', '26A', 17.5, 1, 'Pendente'),
(76, 14, '2025-07-14 08:15:00', '10F', 29.5, 2, 'Cancelado'),
(77, 3, '2025-07-15 10:00:00', '28D', 24.8, 2, 'Realizado'),
(78, 8, '2025-07-16 11:45:00', '2A', 20.6, 2, 'Concluído'),
(79, 23, '2025-07-17 13:30:00', '11F', 19.0, 1, 'Cancelado'),
(80, 22, '2025-07-18 15:15:00', '16D', 14.9, 1, 'Pendente'),
(81, 31, '2025-07-19 06:00:00', '25B', 30.0, 3, 'Concluído'),
(82, 29, '2025-07-20 07:45:00', '30D', 26.3, 2, 'Realizado'),
(83, 12, '2025-07-21 09:30:00', '3A', 18.9, 1, 'Cancelado'),
(84, 18, '2025-07-22 11:15:00', '13D', 22.5, 2, 'Realizado'),
(85, 26, '2025-07-23 13:00:00', '27D', 15.8, 1, 'Pendente'),
(86, 15, '2025-07-24 14:45:00', '7A', 28.7, 2, 'Concluído'),
(87, 143, '2025-12-27 16:00:00', '3B', 18.2, 1, 'Concluído'),
(88, 161, '2025-11-13 06:30:00', '25E', 22.3, 2, 'Pendente'),
(89, 129, '2025-11-15 18:45:00', '1A', 10.1, 2, 'Concluído'),
(90, 132, '2025-12-01 18:30:00', '6A', 30.2, 1, 'Realizado'),
(91, 133, '2025-11-17 20:00:00', '16A', 23.4, 2, 'Concluído'),
(92, 170, '2025-12-21 19:45:00', '25D', 15.1, 3, 'Cancelado'),
(93, 167, '2025-12-21 05:15:00', '9B', 12.8, 2, 'Pendente'),
(94, 164, '2025-12-09 17:45:00', '7C', 28.1, 1, 'Cancelado'),
(95, 155, '2025-12-02 14:15:00', '9F', 30.6, 3, 'Realizado'),
(96, 127, '2025-11-16 07:45:00', '4D', 13.3, 3, 'Pendente'),
(97, 148, '2025-12-30 15:45:00', '1C', 29.8, 3, 'Realizado'),
(98, 165, '2025-11-16 21:00:00', '8E', 20.9, 1, 'Concluído'),
(99, 144, '2025-11-25 18:15:00', '22E', 12.6, 1, 'Realizado'),
(100, 168, '2025-11-28 13:00:00', '27C', 25.7, 2, 'Pendente'),
(101, 142, '2025-12-02 14:45:00', '22A', 17.6, 3, 'Concluído'),
(102, 135, '2025-12-19 15:30:00', '4B', 19.6, 1, 'Realizado'),
(103, 123, '2025-11-30 18:00:00', '6D', 28.4, 2, 'Não autorizado'),
(104, 149, '2025-11-25 17:30:00', '16E', 22.7, 3, 'Pendente'),
(105, 157, '2025-11-25 09:45:00', '3A', 26.7, 2, 'Pendente'),
(106, 121, '2025-12-21 05:45:00', '14D', 22.6, 2, 'Pendente'),
(107, 150, '2025-11-20 10:30:00', '30E', 27.0, 2, 'Concluído'),
(108, 130, '2025-12-07 05:45:00', '3E', 28.2, 1, 'Concluído'),
(109, 124, '2025-12-02 22:15:00', '9A', 14.8, 0, 'Não autorizado'),
(110, 153, '2025-11-03 21:30:00', '30E', 23.7, 3, 'Concluído'),
(111, 151, '2025-12-16 17:45:00', '5F', 25.7, 2, 'Não autorizado'),
(112, 138, '2025-11-02 08:00:00', '3B', 15.5, 0, 'Cancelado'),
(113, 128, '2025-11-23 08:00:00', '30E', 29.6, 3, 'Cancelado'),
(114, 163, '2025-11-24 17:00:00', '2B', 22.6, 3, 'Concluído'),
(115, 140, '2025-11-27 16:45:00', '9D', 24.1, 3, 'Concluído'),
(116, 137, '2025-12-09 08:45:00', '22A', 25.8, 0, 'Pendente'),
(117, 122, '2025-11-19 11:45:00', '10C', 21.9, 3, 'Cancelado'),
(118, 160, '2025-11-07 13:15:00', '27D', 21.4, 3, 'Cancelado'),
(119, 136, '2025-11-30 15:45:00', '4F', 23.2, 1, 'Realizado'),
(120, 126, '2025-12-25 09:30:00', '22B', 13.5, 3, 'Cancelado'),
(121, 145, '2025-12-01 21:30:00', '6F', 26.8, 0, 'Não autorizado'),
(122, 169, '2025-12-26 10:15:00', '16E', 30.2, 0, 'Concluído'),
(123, 146, '2025-11-20 20:00:00', '6E', 31.1, 0, 'Concluído'),
(124, 156, '2025-11-05 17:30:00', '3F', 29.1, 3, 'Não autorizado'),
(125, 166, '2025-12-18 20:15:00', '11C', 28.0, 1, 'Não autorizado'),
(126, 162, '2025-12-07 16:30:00', '15E', 10.6, 2, 'Concluído');
